3c73485df4dbc6d7aae72fe5575a0e73	lua/checkVersion
049e1ab81be24cb06e3f89793396b6b1	lua/common/AudioEngine
867e230a1b6caa42caa31b9989112d58	lua/common/ByteArray
c7b3bc1e109b73a70afe9bab5215aebd	lua/common/CCBNode
d06bb37a61718eff8df925c6db788280	lua/common/CCBNodeLoad
1de8c1d6a3910656d78f944476724fe8	lua/common/CCBReaderLoad
cc30a38f0f069f5437b702d30d3407d2	lua/common/EventProtocol
612638a5aef75b472c6821df6043c637	lua/common/List
749ff02410c8fd73d098b1c6bf25211a	lua/common/ccb/CCBNode
e5000748d6ff9212deed1a811115f528	lua/common/cocosConstants
34e9243e34c5f72b871911a95576aaec	lua/common/dataCache
25c2dd5d081582120b94dbb4293c620a	lua/common/encrypt/BigInt
caba752f438668d327b27fc723e49097	lua/common/encrypt/BitLibEmu
28061437290d050008d637bcdf445115	lua/common/encrypt/Sha1
fbc4f837eb133ac6ae8ef43958d6f931	lua/common/eventManager
319df303df98239c254676a69fb4470b	lua/common/extern
00958371866620abe2069113edde259b	lua/common/functions
f1c5bf40ae33724e58544ee3d019a143	lua/common/helper
e39dcec7da4b8bf9f82c5bedcfde30fa	lua/common/html
9f4f7d95711e306d9533e07dbab7ec9b	lua/common/http
f9108c27f7528ee6ddadad81535ceec5	lua/common/json
717170a75016d87c1ec24b7bc9c8bfdf	lua/common/log
42d36f72a8994c92ff9bb94edde20a17	lua/common/msgTransform
bd20747284e975a3ca30a9f7be7d62f9	lua/common/platform
1ad8008126053846bbc0b3a5049fadad	lua/common/timer
cbc0f9788f4685862b1eb37ed4efb998	lua/common/tool
1399b207568c75f88aece9cddb8cab70	lua/common/utf8
6663514f1453b0ac7374b513e45de7be	lua/common/xmlSimple
4981a167085ee928a0a0646e6729ad07	lua/component/AtlasLabel
4d5139e6c734acb46932cc1c09aaeff2	lua/component/BaseUI
bdcf924718dfc82f0f3bf274131e5cbe	lua/component/Button
efc7cd7251ad89b827d2baaed6448b38	lua/component/CCNumberSprite
ed02c0c0ba4f2db261151e3a12ff369f	lua/component/CCStrokeLabelTTF
c9e1536ae52d7561c918de1969cce975	lua/component/EditBox
e70180cff3b14dad957dbd38daefe057	lua/component/HtmlView
bee0524707ae1147c98cfbf89d44665d	lua/component/Label
54fde3944f6259de66f77b5f933737af	lua/component/LabelTimer
f7860e9decd9d47a04a15483917a8193	lua/component/Layer
a30f8b394f218f7cd0a1947e92e00973	lua/component/LayerColor
ef8854e6d42bd5e72f60fa02941c18b8	lua/component/LuaButton
59e2ee08810e975775bc7552a5af3a0e	lua/component/MessageLayer
30054850bfb41d2cb8f85c7df4988963	lua/component/Node
81e72c38b3336cda2178cd6c2356f748	lua/component/Progressbar
69e54d922792fb9ad08d14883e74c7e8	lua/component/RichLabel
fa01b08c7983c022fbc7922767547b84	lua/component/RichLine
0ae66e5331bde7051ddbfb62f34a552b	lua/component/ScrollView
bd03ec6523df71799f20223ebc5d0a5a	lua/component/Sprite
10353641c689d5849ed7402c294f648e	lua/component/Sprite9
e38966b905bbd754c89f9138a78b179b	lua/component/Sprite9Tips
b9969e6a2180bd694d1e35de4d7c41d7	lua/component/TabView
028fb365528239831fedc50824621cf7	lua/component/TableView
13540af9981ba516758f7fa5f1a1d158	lua/component/TipPanel
f5fc03bb4c018defd5abf0622a5e05a0	lua/component/UIPageView
a554d88c469acc0ec0944111831c89a4	lua/component/commonbutton
1554793ca7b555dd29d34325bf50345a	lua/component/labelPage
25d3c904e2293bcd8726025e9aaac246	lua/component/menuButton
ff1f7c4462e32e07b2c912c70d7a39c1	lua/component/messageBox
7991ddd52706e188e0ffeb4bd693b005	lua/component/richNode
7871709739f1b7417828981820879fb1	lua/component/timerLabel
f91a711880f144c0caaa0b12c42b2895	lua/data/actionHandler
b1e095a261f0b50175b1481055151cd7	lua/data/actions
165f24be6977f2282f5a525754e64ab9	lua/data/cantRemoveFiles
d213778d4482efa26aaa243936651e92	lua/data/channels
35f3a587011f5ec743d399dfb9ce5c61	lua/data/color
459306ac226323336775d241d09e40b3	lua/data/conf
5f604a457f0f92cfb8e68bba59d6054d	lua/data/country
7dbf746a5b38258a66e879d320bc1543	lua/data/generalBustMap
4f6beca6e579c13eadeac3be682a2bae	lua/data/loginData
953db93b51e68474c195d20917b16ab2	lua/data/statistics
8f15a3675c02cf9bbf80d174fcbedb6e	lua/game
9c16e4203b98d9f980e787cb1b87d79f	lua/game/battle/Surround
3900d7cf77dfe172bb36e9098effd236	lua/game/battle/arenaData
4cc8625b49bdd99ebb4db1d8def28f4d	lua/game/battle/army
8f1c0f1b1d11065d466bb385598c37ed	lua/game/battle/battleConstants
1c39e77873ddc2c36ae0a034569b0749	lua/game/battle/battleScene
efa05037d0ffb6a9d502b25f6e94f0d9	lua/game/battle/control
f363386730da6e251a939aa3985a9ced	lua/game/battle/fightController
a2b7715518fbf7e45bab861807c4faaa	lua/game/battle/fightLayer
273d8c55855b604e4a5217a764380c7d	lua/game/battle/perparePanel
607cbd7a7fc5ae4b1672c8b7b0aad347	lua/game/battle/reportHandler/10
ecb532010ad6272d52272f3e6082ebc9	lua/game/battle/reportHandler/11
7457f5536013a1865cb5a04f9825e343	lua/game/battle/reportHandler/12
86f00c06da8864d12faec444cefcf4dc	lua/game/battle/reportHandler/13
3257ad95695e7c1de7f9b0163165f900	lua/game/battle/reportHandler/14
9a1b9d9c3579d146cda7a909d6677ad6	lua/game/battle/reportHandler/15
c6d18eb88313a3af015c17efff44a13c	lua/game/battle/reportHandler/16
45d69b0460ccba4bf690d112ab93c3b3	lua/game/battle/reportHandler/18
18780189122632c49c620e9908ffc524	lua/game/battle/reportHandler/19
3898d4643f46eece330c21049f9e6543	lua/game/battle/reportHandler/2
8b297876e6f3eb337b07aa87e492a9a1	lua/game/battle/reportHandler/20
986700cc80bfac10a670e1ea70e93e5e	lua/game/battle/reportHandler/25
5125110339adc00b025820ca2e42e8e0	lua/game/battle/reportHandler/26
54bfae7cb836906dc227d1c5208b1d5d	lua/game/battle/reportHandler/27
72fca9b2e6da9f5dfd7ececb4a3a8e15	lua/game/battle/reportHandler/28
b0bb674352f15317511749b33f2323da	lua/game/battle/reportHandler/29
c0b0321720e43474087f80e55bafec1a	lua/game/battle/reportHandler/3
bf8d6673486a9ca38f32a62a9ac66989	lua/game/battle/reportHandler/30
4f8e8dcc2611f2cb716d8eb4be941a37	lua/game/battle/reportHandler/31
f0d4b9ce4571da24a9392ff4e4603821	lua/game/battle/reportHandler/32
608facbe491eeea417fb16212ea72535	lua/game/battle/reportHandler/33
f8784f735cb85af8f4e2a11ca6cf9a07	lua/game/battle/reportHandler/34
e0d4ecf20813c5ae1f48e098eafbe6cf	lua/game/battle/reportHandler/35
9bfc8305bc36cf345f68719462784b07	lua/game/battle/reportHandler/36
8f71504abcc849e1db2bb40388d57210	lua/game/battle/reportHandler/37
ac5ba0fec1b602b8199ec645d89388f0	lua/game/battle/reportHandler/38
27610ffc6880561f7d47a255609d010d	lua/game/battle/reportHandler/39
c400c032392a9127bfdbad8e683036e4	lua/game/battle/reportHandler/40
9713050a8e01481a3efd101ac7e2f779	lua/game/battle/reportHandler/41
c1c016c60327f98d83129038417c316c	lua/game/battle/reportHandler/42
cddb7e98eb051681bc887e2cf2352b6c	lua/game/battle/reportHandler/43
1bf170e7c5b2de66792cdc1800f89c92	lua/game/battle/reportHandler/44
9b7d92028ca781aa14bb9a2ebcb12b56	lua/game/battle/reportHandler/45
4aa0e57e1968675b0f37c4aa3e50477f	lua/game/battle/reportHandler/46
53688389e1ab640dc68bf00cbfedb595	lua/game/battle/reportHandler/47
6de542a183e1c98da60869cac0fcc3fd	lua/game/battle/reportHandler/48
7de489985c252f5e4ee16cc92eb123a7	lua/game/battle/reportHandler/49
5a75b33020639d8b72ab7e61bcc5e01a	lua/game/battle/reportHandler/50
a61bc2a413b48659493d0c4a884e5d89	lua/game/battle/reportHandler/51
e97a97b15b1000aaefa1409601a55919	lua/game/battle/reportHandler/52
fb0bcf59a34aa606bd88eba902de07a4	lua/game/battle/reportHandler/53
2609ff37a37ab616d9c1998cce7d9de7	lua/game/battle/reportHandler/54
baab7adbc8d8b75acd1fc5ef13aa4a64	lua/game/battle/reportHandler/55
33aa6d7ec3b7d489b879d708f04c6e79	lua/game/battle/reportHandler/57
b1cae5ce078b28f49fa6a3f71555a6e3	lua/game/battle/reportHandler/59
b3311140bca859d47540ff20a3ed551b	lua/game/battle/reportHandler/7
ac92991e36d421dd868a509ef0b72555	lua/game/battle/reportHandler/8
9ce9f740f65b21967408865b14de97dd	lua/game/battle/stategyEffect
87a8943176b397b4cbf23ba54211e959	lua/game/battle/tacticsLayer
3c65191bc1a6588028ac3d81e577e6a7	lua/game/battle/uiConstant
a4cdfb0e99b52ba273ab9120837b95b8	lua/game/battle/uidata
78dc0fde695389ade4307cd4d0fe835f	lua/game/battle/widget/BuffTipPanel
5e477dc81fe8413a34b7c3a902e38925	lua/game/battle/widget/armyInfo
ad811f00d4e6014c8d998793b82d841d	lua/game/battle/widget/battleResultPanel
64f32dc847504ae19752242e799e4e9e	lua/game/battle/widget/countDownPanel
4f3edd7fd05969f064effe83b5b45fa7	lua/game/battle/widget/fightHelper
74c04c3a0eacb48723ca9ba9f48bfa48	lua/game/battle/widget/fightNotice
d95b811f271e9fc9d1e886c2d9f4d2f2	lua/game/battle/widget/fightRightButton
637c0a2427630940a942e60ea5007c28	lua/game/battle/widget/fightTip
26e2ba2d26cf54dec9cab07b2356d07e	lua/game/battle/widget/fightTujinPanel
3e5cbccc2febb4f94f31b1324ca78c91	lua/game/battle/widget/generalCard
5efdc93989dff0b0c450594768da538e	lua/game/battle/widget/generalListPanel
0f4710a90d28a2567f95bb0db762ca36	lua/game/battle/widget/generalSelector
ee98db01c6dc02c34ed89bf06bb9789b	lua/game/battle/widget/hpBar
efaa051e152433c3f99b6edc1f46986c	lua/game/battle/widget/kfwdCommonUi
807d42c2534699394b9de1b87a1a98b0	lua/game/battle/widget/kfwdDice
2914578b7285f1236d201a1d70b4f746	lua/game/battle/widget/kfwdJifengbang
6b4f5cbc595d9d4e494ccdb63c0137ad	lua/game/battle/widget/kfwdPrepare
17ca3db92ef0953254848f3013d3e470	lua/game/battle/widget/kfwdResultPanel
219dc320f81fb286a0b6b98b2610fa98	lua/game/battle/widget/kfzbCommonUi
52ecd84c15ab4d72619111b1abf816f5	lua/game/battle/widget/kfzbPrepare
d087876f467ec5a073b67e52e3d0a3fc	lua/game/battle/widget/kfzbResultPanel
c1b4e392dac083fa6e82c341c5fc64c7	lua/game/battle/widget/ltzbPrepare
ee73757cf56657ad3ab03c0c7b6d6c77	lua/game/battle/widget/playerInfoPanel
71c2481cf282a6d7c833209cbc987bab	lua/game/battle/widget/showChetui
ae097b13a958c0549b67537f699e65f3	lua/game/battle/widget/showJoinGoldOrderPanel
e0dd2ea19f364e068344208d425cd826	lua/game/battle/widget/showJoinOfficerTokenPanel
a5952f66eb585343ba758048370b47d8	lua/game/battle/widget/showJoinTeamPanel
d177299c19731a430ad93a6d79ba2812	lua/game/battle/widget/showTeamCostPanel
ffa362de5b5aab0700ca667a6d0bb9ec	lua/game/battle/widget/showTeamInfo
ef39f58b9a8dc5aec3de6fa944fc73f0	lua/game/battle/widget/simpleGeneralPanel
5e4491fff4b8b70105f4f3469a23e2e8	lua/game/general/generalState
d01921aed501a98c4b511743510b23c7	lua/game/user/user
7884f1d4cf859665b2a62d8a74e98f26	lua/guide/constant
d24f44c98bfb9ced65ca3706430b312e	lua/guide/constant2
f36ae46b2da53b20c4e07286daeaf15e	lua/guide/control
c552efb99118a021a845800f1938aa91	lua/guide/ui
9656ccb23490d2fb8d7b1dad933309bd	lua/layer/ChangeNameNotice
a85d19b7703d98734e9ebb7d60e0b5bb	lua/layer/activity/activityTab/ActivityNotice
f687171a43cb3e120adab6c806863549	lua/layer/activity/activityTab/BaiNian
ad4abf2566de5c8415959f113dcc0c56	lua/layer/activity/activityTab/Beast
35f708ab38baa7dcb1a1d1691d1d3408	lua/layer/activity/activityTab/Betray
ce1c945cc2c661580ad4fcb69c050f23	lua/layer/activity/activityTab/BigRotary
dc860eba6c29bb591616ebf791900e09	lua/layer/activity/activityTab/BoatArrow
6305764ca8e48492c13035df02976d98	lua/layer/activity/activityTab/BuildNationRush
5c6dded35709d50de028f0225927315f	lua/layer/activity/activityTab/Card
7560e2f708a231a9dab257d316e99c13	lua/layer/activity/activityTab/ChangbanSally
5a3e59126371b6e4c3f81227ae8fccea	lua/layer/activity/activityTab/ChooseEquipPanel
f7ce4e2b64b905678ce0377de1ae9d48	lua/layer/activity/activityTab/ChristmasDay
17d6b624ae313263ad9c285e72e952cf	lua/layer/activity/activityTab/ConsumeGift
29755e5bdb5af66d2cff6e08b940d8b6	lua/layer/activity/activityTab/ConsumeGift2
8be7063c76fb39dc1e17b270418c6fea	lua/layer/activity/activityTab/DataReward
c060393e925271d431131f089e1ef32a	lua/layer/activity/activityTab/DefendXiangYang
95b131ef3f428dddf2223b5709c9279e	lua/layer/activity/activityTab/FeteHero
972729e23d148a86344e5566c654edf3	lua/layer/activity/activityTab/Fishing
46e764e3c85feec1de654d4b4d7d59c3	lua/layer/activity/activityTab/Furnace
5d6c94530c35a7752438651df4d0cdec	lua/layer/activity/activityTab/GangMine
e76c9608e0e93280562e58eca4d5ff78	lua/layer/activity/activityTab/GemBonus
0783725c832b07163eff4dd44fb26470	lua/layer/activity/activityTab/GemMine
b60425fa16964ebeb386a3902260b003	lua/layer/activity/activityTab/GemRotary
ea64ca8949ad0e855efb46721d23c375	lua/layer/activity/activityTab/GodPaper
d1d0638e71c8ae47f9cf12974d431456	lua/layer/activity/activityTab/GoldActivity
8c279f9cea69cbfcf92dd4dc4900459a	lua/layer/activity/activityTab/HeroDrink
f3f7e5b67caeab65753b6a6b2627e5c2	lua/layer/activity/activityTab/HeroDrink2
be847ebb39b484278796957011f19c14	lua/layer/activity/activityTab/HorseRacing
35948901aa60e35cb2a4e06c164a9099	lua/layer/activity/activityTab/Huigui
fc04eb46e1882a3bc7b5fa8be20f3616	lua/layer/activity/activityTab/IronMine
7a0b0461b2cbf966d8caef1bc7d3bdfd	lua/layer/activity/activityTab/IronMountain
a8eb2f9f017c2c3e46231a83c2beae07	lua/layer/activity/activityTab/IronReward
e68d0a10614e516477423b42c5535663	lua/layer/activity/activityTab/IronRotary
e8d440c8e621b2c3fb2d0853f3dce0c3	lua/layer/activity/activityTab/IronSell
2e7ca57adc593f67184509df66eb97e5	lua/layer/activity/activityTab/JingCai1
f0b379e1dcc8c259ee685618b592e653	lua/layer/activity/activityTab/JinglianLayer
54e93772dd91bfa49718aa98fd5e2f67	lua/layer/activity/activityTab/JueStone
55285d67b91359779cd14f17caf3edc7	lua/layer/activity/activityTab/KaiguangPoint
cbd7f73a99805c60f12a87507c6c13a5	lua/layer/activity/activityTab/Lantern
b86b92a7eec6859d2f7507909e3b8082	lua/layer/activity/activityTab/MeteorIncense
1d979b65b9707c7ff84b210dae9e792d	lua/layer/activity/activityTab/Meteorite
ea986a5dd41df1998c6681a74b1a35c1	lua/layer/activity/activityTab/MidAutumn
929f95696fef4c2467988ee4debb0ac5	lua/layer/activity/activityTab/MoonBuff
8a22ec1e388e5f16aaaa5d8e7fefece1	lua/layer/activity/activityTab/MoonCake
8edd256ffc1b8e860dc681c757216c03	lua/layer/activity/activityTab/MoveMountain
350c6c1e1e5fd53c9ab9cd543f8871dc	lua/layer/activity/activityTab/MuNiu
7f221617113c90c282aabbd50a2449ee	lua/layer/activity/activityTab/MuNiu2
22b3750bb8885b5d555c6aca4197f61e	lua/layer/activity/activityTab/MulNation
1d3ca151b2c41a11a32a7818da77c756	lua/layer/activity/activityTab/NewGemRotary
01d28792830a4adb9bb66e6c78360f2f	lua/layer/activity/activityTab/NewGems
dca7e5f958c339d920b255b8b2699a57	lua/layer/activity/activityTab/NewLantern4
a378140071f1970ba4139e53907d2c6b	lua/layer/activity/activityTab/NewMidAutumn
e2611ea48a5de77977b190c274660ab5	lua/layer/activity/activityTab/NewSword
fc5ab24afc3b0e5cbb6d423fe2c568be	lua/layer/activity/activityTab/OutLineActivity
46de762434e01cb851b1002dfc47cad7	lua/layer/activity/activityTab/OutLineActivity2
ecd2a376711ce5c364ab216828fdb985	lua/layer/activity/activityTab/OutLineActivity3
61cbb25f8ff70b7450288634a0db78fd	lua/layer/activity/activityTab/OutLineActivity4
a54dd76d2410033ce5d7aad81a5a1915	lua/layer/activity/activityTab/Pay0805
ff4101898c07f98a06c9c306f919c32f	lua/layer/activity/activityTab/PoShui2
007cae006b2c1637bde2bfbf3ce02474	lua/layer/activity/activityTab/QAActivity
a1d1df6a4d1542955a43d843fd1d0ddc	lua/layer/activity/activityTab/Qingmei
cd922a11f67eecb61ffea5fd44b46b84	lua/layer/activity/activityTab/RewardGeneral
aa7d5fa8bde6483897a72ddb904fea39	lua/layer/activity/activityTab/SDTJWindow
cf6bf2afa564d21467b9b245b5897e17	lua/layer/activity/activityTab/SeaSilk
be6fcef55ad9f9955dea3d2be81c85fe	lua/layer/activity/activityTab/SeaSilk2
6543b33f02db1faf619ebdf4ea8d9154	lua/layer/activity/activityTab/SendRed
82dcf45693993379a55ab9b04b3b2b00	lua/layer/activity/activityTab/SevenCatch
769ea2eff9873f19995c36430b94f6eb	lua/layer/activity/activityTab/SilkCard
c01fb253450fe2e896c6cff622bddf7a	lua/layer/activity/activityTab/SilkShop
ac91cb8c0a7c0abab36f5d997f35c052	lua/layer/activity/activityTab/SuperGemRotary
8c5eb4446993ffe6cab815ea1b188ea4	lua/layer/activity/activityTab/TankCharge
2b3cd31d4ea92408fd41d75928142617	lua/layer/activity/activityTab/TaxiFare
76a75b54db89d53aa38d48c21ac06e0b	lua/layer/activity/activityTab/TelFare
03813972d8862d94a214bf7ae9ff57d3	lua/layer/activity/activityTab/TianDeng
33787ad55a4d01cbac17408793c4538f	lua/layer/activity/activityTab/Tomb
f9d32ba1fd00ee46a2e0537bf1c5403a	lua/layer/activity/activityTab/TrialBuild
640d6eac39fb7ca29c450b69d91d4367	lua/layer/activity/activityTab/TsDrinking
ec07b20fdb592d7adde94ca7c13881c8	lua/layer/activity/activityTab/Wish
354d0fb41933ade1ff2f74875f56156c	lua/layer/activity/activityTab/Xinfuhuikui
ead9bf5c17d2bad0ce8ed25fb44d4f8d	lua/layer/activity/activityTab/YearBeast18
ec3a10f97fa6874583bc827dd0997471	lua/layer/activity/activityTab/YuBaoSprint
95205f521e11928fc7f92a78eba47935	lua/layer/activity/activityTab/ZhuanPan
e3cdf6c4cfa4708e6749bc56b208d7ab	lua/layer/activity/activityTab/ZongziGiving
f8988661e09070d8d5a0ed9ff237daf1	lua/layer/activity/activityTab/control
543917667892a2e80d9a1052c3a17dc4	lua/layer/activity/activityTab/ui
e7081bcf4c699488b35104c73e18616e	lua/layer/activity/activityTab/uidata
df43961fef40ca4d9bdb36633785e043	lua/layer/activity/ancientCastle/Adventure
cb53d6f34b0934adf5d285337d7a57f7	lua/layer/activity/ancientCastle/AdventureInfoLayer
6536333ad1c602dbb9c83678240a3041	lua/layer/activity/ancientCastle/AncientCastleTab
15277a19a0c1d14f8c4a66770b5f2429	lua/layer/activity/ancientCastle/ConfigureLoader
a9a72a68c8c406687a4a6c1e42b3c37b	lua/layer/activity/ancientCastle/EffectLayer
69429d7d2432dd658c44e84c01c031b9	lua/layer/activity/ancientCastle/MapLayer
1b164b6e1a933436e9954fa05dc9437e	lua/layer/activity/ancientCastle/MoveLayer
fb951c745968eb680c370f51c04167b8	lua/layer/activity/ancientCastle/config/4/city
3b1441c3fb4f5d2005dc930c668f4d5c	lua/layer/activity/ancientCastle/config/MidMap
d7ec60283f6c5ff7bdeeb45e8f1d1380	lua/layer/activity/constant
63c71ce77494f9407851eb95fffcdacb	lua/layer/activity/dragonBoatInfo/control
2cbf152a8d307ce21ae13368b6d60480	lua/layer/activity/dragonBoatInfo/ui
5e2d7a0d80e3b5b3fb9febe4edd6d635	lua/layer/activity/dragonBoatInfo/uidata
1636127851e577adeeaf164a1f47214b	lua/layer/activity/dragonBoatInfo2/control
d0baa8bce2b253fdc3f872338cedc76a	lua/layer/activity/dragonBoatInfo2/ui
3f989f9a97160aeb0cbc5923f187917e	lua/layer/activity/dragonBoatInfo2/uidata
1bbef0352be3db9c009b55e73cf58663	lua/layer/activity/famousInfo/control
d97cd63de4a941f9be318733c3799c9f	lua/layer/activity/famousInfo/ui
91a685df25998c59e881054b9390b1d1	lua/layer/activity/famousInfo/uidata
59798b9ae410566dde2a7cdd0fc92796	lua/layer/activity/lookActivity/ui
30dea075703a05e94238b96fe14623ec	lua/layer/activity/lookActivity/world
b57c167a9fba434c8f778e5cc0dfab4b	lua/layer/activity/tiandengInfo/control
2c77c059eac50317362599ee26da5c66	lua/layer/activity/tiandengInfo/ui
6021924a92b6ec82cd241f13e995fb15	lua/layer/activity/tiandengInfo/uidata
88aaca1408cf0379e72e35637b7e7c03	lua/layer/activity/ui
6087213bdbc910145e8444e8ab5325c0	lua/layer/applyOfficer/ui
3f5961bc294eb87f91c862793baefe73	lua/layer/astLogin/constant
9823f12ceb0011c8bf26b946a1cbe58a	lua/layer/astLogin/control
616f682e709e9e89a9586f071946dcfc	lua/layer/astLogin/loginView
450412b8515cc8155b20f74d75fc9207	lua/layer/astLogin/registerView
aeb893af4b56d2b53850086a4eb6a5f8	lua/layer/betrayResult/betrayList
e4c6fdbd84c3b752ebaf36244ac58bd2	lua/layer/betrayResult/betrayReward
1348dd6d205b4c74d5d05c0e8db1e659	lua/layer/betrayResult/control
eda8df8ddf6e25c31312b90cc906aa63	lua/layer/betrayResult/ui
dd0cbf0b7c98c2a9831ed714d576595a	lua/layer/betrayResult/uidata
f15c0fa6fe866ecb3164c4459b08df39	lua/layer/celebration/GongHeLayer
42f14ad21dad4b0aea60a292c994bc47	lua/layer/celebration/ui
09978137b94e3678a74a083791a9d4d1	lua/layer/chargeItems/constant
217503e300f793118b2c0e97b0de312b	lua/layer/chargeItems/control
0b58beaf96e3c286c16794d53503bcdb	lua/layer/chat/chatConstants
c507f5c95c63ea936a3aec4fa39f5ad0	lua/layer/chat/chatControl
ba3ef4a10f2aff1b5b7bab2cbafad093	lua/layer/chat/chatWindow
6259e302e86c3514acedb5a6b050cb93	lua/layer/chat/messageView
aac3e067d624f6260042ca33da2d6410	lua/layer/clockReward/ui
c66949814ebf9242149792525cb7ad86	lua/layer/corps/CorpsPanelNew
0aadba13f9d0dc839ab9e86d8978e3ac	lua/layer/corps/MessageBox
49e42ada4e0e0e540d1f7f9a0e25dbd9	lua/layer/createCharacterLayer
1fc1021c2de26ddea03aad909d60a939	lua/layer/dayReward/ui
10f9c12ce693b11c955909ceae3c5ae3	lua/layer/dayTrain/ui
0d5844d1d4d230f284bddc4401108f8a	lua/layer/downloadViewer/downloadDetailView/control
b7dd9124d849178c65d9cc07f259dfbf	lua/layer/downloadViewer/downloadDetailView/ui
b32594c1b70d971bb644c8c946075d32	lua/layer/downloadViewer/downloadDetailView/uidata
24eeb5fe250e585672c322f4cb486cce	lua/layer/empire/ui
3faca77b20320f942941bbaf04964c94	lua/layer/equipment/SupplyTab
940b7a62c76a47c7ebe70718e107c49a	lua/layer/equipment/equipmentTipFrame
49140ac79099ddd020bbfa567a4eabe1	lua/layer/equipment/kaiguang/ui
dd9069d6234bd993878ec67e9dc0b7d7	lua/layer/equipment/quenching/ui
ca0a16456c3f2174336c7f13a4aa1f6d	lua/layer/equipment/shenjiang/ui
eca72db7ada4a8e6f9c60f9275ab7eeb	lua/layer/equipment/store/sample/EquipAttributeRender
5484a4c47c1b5b9684151185ed79baed	lua/layer/equipment/store/sample/EquipListRender
2ef3b443a95b40414c337ed96ed8e1da	lua/layer/equipment/store/sample/EquipStarRender
ab0f620dd1ca1f91ecc50ba67dc5b390	lua/layer/equipment/store/sample/storeConf
c94b5aba227b8f81e95f518e694a590c	lua/layer/equipment/store/sample/storeControl
b5f3df5771e38ac8a2a8e90c9ad989f6	lua/layer/equipment/store/ui
fa93f05da579eb9c8ada90c093f12923	lua/layer/equipment/storeHouse/collectionView
f0f0eb747eb399571052f4d0a6e060d7	lua/layer/equipment/storeHouse/ui
cb9aafa4d964b1a4466a21d9a7053aee	lua/layer/equipment/trade/ui
c8317de4c7a1a1f2b51f754dc38190d8	lua/layer/equipment/ui
958f3316bc4004f806a0ef3377bffcdd	lua/layer/eventConst
dbeb01ff4f720a44ee3c3462df70a33c	lua/layer/farm/FarmPanel
1b9a28adcdcb71ee9e042b10dc5891f8	lua/layer/farm/ui
ce33851fc0e6ed5c59e2dbf05a9e9152	lua/layer/feud/FeudPanel
914c2b5ee8d623b7013c745c7c14423c	lua/layer/firstPayActivity/ui
9b9bc188d881125a95ef6270668c6999	lua/layer/gainGeneral/ui
f27a9f6af3b37a23df37c575ad8688bf	lua/layer/gainGeneral/xunYu
0c97ad0df70100f84d44c8c44181e151	lua/layer/gainGeneral/zhenGanning
7a199a076145fee38c23d687b69cd42a	lua/layer/gainGeneral/zhenXiaHouDun
9bf9ac9d82086c4994699b4574b0cc15	lua/layer/gainGeneral/zhenZhuRong
5ed3b352f3d84dbc60ccb9ddcdc7c04e	lua/layer/general/JuexingAnimation
33bf95d5bcb54a77675ec344ee5a1cec	lua/layer/general/constant
721e850680f4dd5a9e8505826fd12fbd	lua/layer/general/control
489630dcf46ac770016d13b6a0154534	lua/layer/general/dinner/control
d084284be3ae0a80129a4ccd493973eb	lua/layer/general/dinner/ui
3f16c6a936a44106ae87d1cc7ce213c0	lua/layer/general/generalJuexingData
78120353693b67d1cf2ad61be5ff95c9	lua/layer/general/generalPanel
4b53735a10c737a069552db4308769e4	lua/layer/general/generalSelectPanel
09b456cb46cb6a9be890e5ea34a31208	lua/layer/general/generalSelectPanel2
67984e0f08fe935ab697a987fd9eaf59	lua/layer/general/generalSilkPanel
6c6a96ba7e9d6098e30ee93c570e09a1	lua/layer/general/jail/ui
1ee8602c692496feabd67cff07273b73	lua/layer/general/tavernGeneralCardPanel
813603547ef7b12c70fab2888f3e6d6c	lua/layer/general/tavernPanel
803cf2303f164fb399924c06c3b7e1e8	lua/layer/general/training/ui
79f18d75ff2d202a72d5fb061aa23e35	lua/layer/general/ui
964cd76f9a41dee680155b7e676eb2bb	lua/layer/general/warlock/warlockControl
2c24ce4f6504e81ff739f398dd3221c1	lua/layer/general/warlock/warlockLayout
bdb0216b01dc89a7d6252211c3c5f57c	lua/layer/general/warlock/warlockPanel
3960d0cc9893232035be26823af2b221	lua/layer/gmLayer
31ec5e842ed3923406eec4da71814729	lua/layer/incenseLink/ui
4216c3e70f7a1b9110bb343d954bfa58	lua/layer/ironMine/constant
663be87814522df16ee44d192fe6ff81	lua/layer/ironMine/control
9aeb1479723e5d0ffb5bcaf4f3952788	lua/layer/ironMine/ui
2a8944281ed09e3fe1da5d9918ef2c0c	lua/layer/ironMine/uidata
59ee90acbdcfbeabc5c64a84840ab0be	lua/layer/juben/ConfigureLoader
ca5b40b2eaf9f253ccc4657afa2415ce	lua/layer/juben/DrillTask
e0e5fa2139c062725b7d6023b3a0b864	lua/layer/juben/EffectLayer
eac5a418978e378cac59b7ce5ed3d1d8	lua/layer/juben/GuideLayer
67152fd87bb654efcea93573acc33f84	lua/layer/juben/InfoLayer
b334122252573d4a914aae0c65e4f694	lua/layer/juben/Juben
aecbbb86363427ac4e3b1c832b4f273e	lua/layer/juben/MapLayer
fa57e3a6a5c74d5a96f8ef9f84ba1550	lua/layer/juben/MarchingLayer
a9194a8acb4110f30a05ab71778b6dff	lua/layer/juben/jubenLevelSelect/ui
8d7eda9ff01b065001fa735864cd690b	lua/layer/juben/jubenSelect/ui
b1af78e6fa94f886f4fe6c56b0c7d267	lua/layer/juben/ywNotice/ywNotice
0f5ecc123642d32b6b98c0fa46224521	lua/layer/juben/ywNotice/ywPlayerList
97f1a5c7d1c9a6ba319b3eb1473d3a02	lua/layer/kfmg/Thumbnail
ab23c87d758026106e75a842642742df	lua/layer/kfmg/infoLayer
81d0256c5d8eed62237e749f48b07a23	lua/layer/kfmg/kfmgJunku/control
3430d9dbd586d54153b7b832f2b1c7ad	lua/layer/kfmg/kfmgJunku/ui
0f63b4da34360021afc4467319ac7111	lua/layer/kfmg/kfmgJunku/uidata
06f9083f7a3dfb5f0049194b3cc16c10	lua/layer/kfmg/kfmgNotice/kfmgNotice
e25feb819962efe0ebdda6605eae079e	lua/layer/kfmg/kfmgNotice/kfmgNoticeLayout
c38439d8a15547033fc85a00e618acaa	lua/layer/kfmg/kfmgReady/control
6360dd6926966fb843aa971600574346	lua/layer/kfmg/kfmgReady/ui
c3d44108e3ad4cd9e4632aab5bfd1e11	lua/layer/kfmg/kfmgReady/uidata
cafc2f2260197bc0bba7f3a01a926e70	lua/layer/kfmg/kfmgReward/control
ea766da4bc5c250796257ba5351e128e	lua/layer/kfmg/kfmgReward/ui
a7e4c7d57f7b2ce36b81b17d82580dfe	lua/layer/kfmg/kfmgReward/uidata
85d957a4762be84dd6af52e5ba7340d4	lua/layer/kfmg/kfmgTask/control
b6d0a9273839a29ed15f3ddad0df06f9	lua/layer/kfmg/kfmgTask/ui
63d20247f9592d067386ed02d0ffad15	lua/layer/kfmg/kfmgTask/uidata
1b76b206d81990248eb6226dface27fb	lua/layer/kfmg/mapLayer
0f4ce3f4357c69133da277d370cd6a2d	lua/layer/kfmg/menuLayer
079ba8d539a18343c7d1cc7bc61b0560	lua/layer/kfmg/playerInfoLayer
785f819115fed299ef22f2783441c4b2	lua/layer/kfmg/world
be53e4c667d9f0f0a5df0fa95d123a3e	lua/layer/kfsy/BackGroundLayer
f65c606a61c6e7a96c162026235a9962	lua/layer/kfsy/DrinkTipsLayout
5785f32e49eeadff0a3217b3fd5a8243	lua/layer/kfsy/LvbuLayer
400955afcd4d6840ae7f06910429743c	lua/layer/kfsy/MenuLayer
3dd27a3afa32b7147db77fdf7aa9b762	lua/layer/kfsy/ShenYan
d0ecccde6df65306aa856ca8779bcd46	lua/layer/kfsy/ShenYanLayer
7c6bda24a5cc114968b674052686b388	lua/layer/kfsy/ZhaoYunLayer
71061b446cd1eb62b6f7d57090732dd9	lua/layer/kfsy/buyAndRule/buy/control
b8396a745ebf4902a188dc0f0b1a71b8	lua/layer/kfsy/buyAndRule/buy/ui
a2ffea002557914edf89e1dde59ac2e9	lua/layer/kfsy/buyAndRule/buy/uidata
c80a95fe4c14334696ab98015f0ae452	lua/layer/kfsy/buyAndRule/control
2e9f66146216132bc4208b7106e2fe63	lua/layer/kfsy/buyAndRule/player16/constant
4069fb2984016c083ea0d40eecda8fd4	lua/layer/kfsy/buyAndRule/player16/control
c48fa4936f2ce563bc6b63574d1c4903	lua/layer/kfsy/buyAndRule/player16/ui
77d7d54dde5dec88a17c35b5c9820697	lua/layer/kfsy/buyAndRule/player16/uidata
62d3dc2c1280da2096679b6521020ed7	lua/layer/kfsy/buyAndRule/rule/ui
1b8d8fee6e99287089a3d5f9febb156f	lua/layer/kfsy/buyAndRule/rule/uidata
e6f1379d845c9d73b2cca1183cce2460	lua/layer/kfsy/buyAndRule/ui
8d6beda130c1bbf9bdb333b74e0f58d9	lua/layer/kfsy/buyAndRule/uidata
09f78178564df9e36077ccb4b87fe6e7	lua/layer/kfsy/constant
b31f7a7e7e1b43858777a9b4031d2f29	lua/layer/kfsy/control
8977c335aa44385d19b3c68e0d8c7f9b	lua/layer/kfsy/feastInfo
eb19211292904c031ddfc4c76229bb41	lua/layer/kfwd/kfwdEntrance/ui
2d10d867d6fb12f9cd002a796281f1ab	lua/layer/kfwd/ui
daf5460eb9573973aff0bd000123534c	lua/layer/kfworld/ConfigureLoader
0f8b871c65727ba7e9eb2e79f9ea9223	lua/layer/kfworld/EffectLayer
f01f5d11416c0fff1d7cb219b31a0863	lua/layer/kfworld/MapLayer
d2ced483904556eddba96e9a4316774d	lua/layer/kfworld/MenuLayer
dd269e019b8033e13ab4125313bd241d	lua/layer/kfworld/PlayerInfoLayer
af2e5b279a9c0d707d5af81a775c94aa	lua/layer/kfworld/ResultCalc
a0d916891f95d8dd6c1c8e10dd923658	lua/layer/kfworld/WaterGauge
5f923a311313df9c90c0fa2fcc2f3d1f	lua/layer/kfworld/World
b85e570c63324e50b3e3a7b98bf5d6f2	lua/layer/kfworld/kfgzConstants
cbe5bf0305f51954a48353503bdae5da	lua/layer/kfworld/kfgzNotice/kfgzNotice
dd5350d4b89fb4e7049f803e940dd76e	lua/layer/kfworld/kfgzNotice/kfgzNoticeLayout
9a358fa0bc531ad1bb34fc6cd30c516d	lua/layer/kfworld/kfgzRank/KfgzTipPanel
c96c6a261950591a0a0920236a86a556	lua/layer/kfworld/kfgzRank/kfgzCommonButton
d9485d1aafdcffc6bd19445a5dc383e9	lua/layer/kfworld/kfgzRank/kfgzOver
62ba8a0dd093cf4c7c09006f0871ceef	lua/layer/kfworld/kfgzRank/kfgzRank
809806c3d0cc8fd3c944c40243dc214d	lua/layer/kfworld/kfgzRank/kfgzSchedule
334234846661632056e52b5edff128c4	lua/layer/kfworld/kfgzReward/rewardPanel/control
5945f6afac91226c8a9cf8f8380c1e1a	lua/layer/kfworld/kfgzReward/rewardPanel/ui
c0912e671e7adc3df9d429c4defbb42f	lua/layer/kfworld/kfgzReward/rewardPanel/uidata
f26fe1033d070d005417a1d769def56a	lua/layer/kfworld/kfgzReward/ui
b0850c06e9b11c4703e87fb7fbbd40ac	lua/layer/kfyz/DongYingLayer
cb60ebb7c175fd5b3b7b1b1b0453b88c	lua/layer/kfyz/DongYingRank
8b5c0d8b12cadc47225cf922762fd7ca	lua/layer/kfyz/FangShouJunZi
05f91974d3136e241aef4072f10877fe	lua/layer/kfyz/IndivTaskLayer
1763bb859a280e9fa4f193ff722821ca	lua/layer/kfyz/InvestLayer
a3fec7912ca353afb857df4ed5c1290c	lua/layer/kfyz/InvestLayer2
d7a25b61a46ec3d36452f0d1e680a2fb	lua/layer/kfyz/JunkuLayer
292330680b5c25f28cced7d0429cef9c	lua/layer/kfyz/KfyzMorePanel
002c184dc50ed32a240daccc9332643b	lua/layer/kfyz/NoDisturb
1efb9929a777e8f4566abd1cc7b846c4	lua/layer/kfyz/TaskLayer
7320fd54931ba16b77e3dff14212f091	lua/layer/kfyz/YuyueLayer
b67f499c2a7d3e0c3d2231bfe9c7cd85	lua/layer/kfyzWorld/Constant
0ad27e13156e3e9ab6fcbe587228e8ed	lua/layer/kfyzWorld/EffectLayer
6ce811c805038712484cbb6a2cffb6bc	lua/layer/kfyzWorld/MapLayer
2cf01c5ecf7e167f03a62ac961bfcaba	lua/layer/kfyzWorld/MenuLayer
071ff66381d2f9fe9be8c1e6e2a48b35	lua/layer/kfyzWorld/PlayerInfoLayer
6bd2fe20a2d8875c014d4aad5b92b75b	lua/layer/kfyzWorld/Thumbnail
f3877554c0d5894b96c4eb01f97690ed	lua/layer/kfyzWorld/WaitLayer
eab778c9d42485d5d6398c8c5635c912	lua/layer/kfyzWorld/World
0de4adaf7b124ffcfa07ad49e642c1b0	lua/layer/kfyzWorld/YzMoveLayer
2668fe8599b0cb6cec4521a238c7a3e1	lua/layer/kfyzWorld/config/road/gaoliCubePoly_1
60de7cf49cfd9c915d543e9eb9e3f0b8	lua/layer/kfyzWorld/config/road/japanCubePoly_1
6c2d72d1aa8d01236200d948f6cc4052	lua/layer/kfyzWorld/config/road/liuqiuCubePoly
1feea46e679b2102862b2efb272254c5	lua/layer/kfyzWorld/config/road/liuqiuTracePoints
65f6587161169087dc4bc364e892c4c6	lua/layer/kfyzWorld/config/road/nanzhaoCubePoly
95bb272069b8685137d6aa6c9d270d3c	lua/layer/kfyzWorld/config/road/nanzhaoTracePoints
14666e07131f8b18f91266a58d34df0d	lua/layer/kfyzWorld/config/road/tracePoints_1
7656fb4a8c922461da7c65d4a77eec30	lua/layer/kfyzWorld/config/road/tracePoints_2
30d127e80f8d7dfa0b9a2c4be97b7be2	lua/layer/kfyzWorld/config/road/yuenanCubePoly
6c5a2ecac381ce2ca5ec9884ec1baaf2	lua/layer/kfyzWorld/config/road/yunanTracePoints
25df9197f46aa2c4975a256b2bda863b	lua/layer/kfyzWorld/kfyzNotice/kfyzNotice
d290bb8f757b41d4246eeda71e3c44d9	lua/layer/kfyzWorld/kfyzNotice/kfyzNoticeLayout
b712a683ee78ef5d1bba62480fac4536	lua/layer/kfzb/CelePanel
fa4d295998aff278e227864efd8540fb	lua/layer/kfzb/CurrChampion
8fdfa6fbca391c705d929448ddf9b539	lua/layer/kfzb/EliteChampion
8443cb402aa96a2567119f17386b82c0	lua/layer/kfzb/ui
d99072d2f346bff91fa0e713894f95dd	lua/layer/layerConst
be6849ba07ee632e5ba1bf727ec83cfb	lua/layer/limitedEditionGift/ui
741ceaa72c73b9f8e7555c609b2bac59	lua/layer/loadingLayer
34b1d6ce044df1d5c69186ecd549a04a	lua/layer/login/firstEnterGame
4a3c24100cbbf2ea39e22de3874f5af5	lua/layer/login/loginLayer
5e42917ecf995ae44cbbfa57ab8dc9c0	lua/layer/login/selectServer
4e5873e15c2b61157d67f79fc140a353	lua/layer/login/startGame
88548ad5c9f71062657949df917471c5	lua/layer/login/ui
7e091d59232c61a6f154657091dafd30	lua/layer/loginDebug/astUserLogin
0ec85d16dc22313bebcc536f10c062c4	lua/layer/loginDebug/astUserProtocal
c3fc472ee204ac8e28ccccbb60fd8fea	lua/layer/loginDebug/astUserRegister
2499cc32130786f6da611d12fddd7de4	lua/layer/loginDebug/constant
b8c46bcce50a482703b515faceec8a6e	lua/layer/loginDebug/control
28c7224efa319991af76eaf461dfa001	lua/layer/loginDebug/firstEnterGame
80bad4cfd1ed7ca43de41bcf0f0bf697	lua/layer/loginDebug/selectServer
e133b67254108a6d29cb5fcf9ef0953e	lua/layer/loginDebug/startGame
39cc38967e3baa1ba2c3cddc01b50935	lua/layer/loginDebug/ui
20aa4c779728dd9400e1b8917be090ab	lua/layer/loginWeb/astUserBind
be71e22c3a22287aa0dfb5a3acfafdc5	lua/layer/loginWeb/astUserLogin
015c32630a36bccc68e4e7e993edeb54	lua/layer/loginWeb/astUserRegister
e90f582bbe167960c7b936a0e692f7d7	lua/layer/loginWeb/firstEnterGame
37ac809ad5fc63c274a1bfc51ec48e51	lua/layer/loginWeb/selectServer
a464cb48688848bf643726f081838217	lua/layer/loginWeb/startGame
680b0ea41a163283498bf2d2c2fe2351	lua/layer/loginWeb/ui
a43a0f37a7c5b35a0c4dac1b2ebb4720	lua/layer/loginWebKorea/astUserBind
2836bcdd7bf7fb121e9ae6ee9f11c701	lua/layer/loginWebKorea/astUserLogin
233d16e84fa50f19e988e0679fd35ae6	lua/layer/loginWebKorea/astUserRegister
7c24f8cb2f2b0ba81c5bd7203d9f4113	lua/layer/loginWebKorea/changePassword
d59181cd3febf08418d6104a0d9fe75c	lua/layer/loginWebKorea/firstEnterGame
60e1ac670c19cdf85fc8e83be0193376	lua/layer/loginWebKorea/kunlunProtocal
e5d0d8e999ed1676097ba9a1081f895f	lua/layer/loginWebKorea/selectServer
dab1f77c9957417fd164415c283bb02a	lua/layer/loginWebKorea/startGame
1f66c3b59fc1796fb1d2abb86921c04c	lua/layer/loginWebKorea/ui
9277639453445d63f191e02f17f4399a	lua/layer/mainCity/ui
e81c8d652787ec250ab13b02fda9c1d8	lua/layer/menu/ui
6c82fc82b634a287dac7fc92ea69d90a	lua/layer/modal/constant
ccde8f13e0d1f2ff6749ffa34645e674	lua/layer/modal/ui
dfaf3c5cba9a33b3cae7fa79bcca3bb0	lua/layer/nation/budokai/control
b7acccd716cc59420e0c69c5b988a4d9	lua/layer/nation/budokai/ui
0e0dbc840393f4343c8d3181bc6c688e	lua/layer/nation/budokai/uidata
cb6fabf9761e2e12b3d52adea17ba45d	lua/layer/nation/buildNation/JuezhanYingzhou/JueZhanYingzhou
fa339912a4339c40344cbc3027801705	lua/layer/nation/buildNation/KoreaBattlePanel
5aedbfca25d9fa8b7a4a5bf99c68c17e	lua/layer/nation/buildNation/jianguodaye/buildNationMain
79a1cfb2fe4e98999380db01bdec9d52	lua/layer/nation/buildNation/zhugongzhaoling/zhugongzhaoling
04661742e297aaaa676ce185748ab5ac	lua/layer/nation/donate/control
9d55dfba3f579e0c02cd94dcde911570	lua/layer/nation/donate/ui
9e1a7e60056bdbcbde404eeab2976d26	lua/layer/nation/donate/uidata
41f1a83cbe1e75c5b3b8ec60e5704d86	lua/layer/nation/huizhan/HuizhanForceInWorld
9def38922d3cd635bff46426cf9d962d	lua/layer/nation/huizhan/HuizhanGather
2e6d93a1efb865bd72d1927e8ec110e3	lua/layer/nation/huizhan/HuizhanNotice
c69151a991ae796a6091ab99dbdec5b5	lua/layer/nation/huizhan/HuizhanPrepareInBattle
bc771054e556b8163dd49b432dfda08b	lua/layer/nation/huizhan/HuizhanStateChange
b0d2e8db3165d6ea741beaa7a4a7c342	lua/layer/nation/huizhan/HuizhanTask
43319d49e7f191028a817dd32c49134e	lua/layer/nation/huizhan/huizhanPanel
f71606c32181327a194f459ea5233df9	lua/layer/nation/nationTab/ChangeNationName
bce9e8ba00bbb586bbfaf74aba6f88f7	lua/layer/nation/nationTab/NationTab
870752ebbf772a3c826ce369d657b928	lua/layer/nation/nationTab/control
75cb7dc2de63b70e97fb797d99a9c7aa	lua/layer/nation/taskTab/DrillView
dce431f8b9cec381fba234de2b04f4c1	lua/layer/nation/taskTab/ExpandTaskView
923e3a78243de452364b4c7fa3050bf9	lua/layer/nation/taskTab/TaskArena
f3fdfe38b28da09d78c3ae3454bc12f8	lua/layer/nation/taskTab/TaskKillAll
b74d9d1dac2a1fe202342459c6ad2427	lua/layer/nation/taskTab/TaskNewInvest
ddfd47f804d32f51d0922d338ec2e96a	lua/layer/nation/taskTab/VotePanel
e7e8d27aa8b374f9e8569a927b8dda4d	lua/layer/nation/taskTab/constant
dc463bd931e7e507894f94f0603e018b	lua/layer/nation/taskTab/control
0eeb243e106ea921b5a2b1a8d838e65b	lua/layer/nation/taskTab/ui
fc7a9ea22c1f2ab4ea199862e646211e	lua/layer/nation/taskTab/uidata
f9c86fcbcbda7392069ee8d4330e75b5	lua/layer/nation/ui
7922ed2d8598a5f8011cca21de635241	lua/layer/nation/weicheng/WeiChengLayer
56b7daea122b01b891b1841023d4eb5e	lua/layer/notice/KfyzMedal
cc2dd4ceb415528cf76671ce133d92b9	lua/layer/notice/PhantomNotice
acc226ffc5bc9725ba89dbebeddd860f	lua/layer/notice/SpecialEvent
25d2233a027bf3dcdbe31debfdfee6ee	lua/layer/notice/constant
ac645c60f7dfff75f90d04969b99e45d	lua/layer/notice/control
c016f4d874bd730ca539df013b1ec994	lua/layer/notice/ui
3a660dbd05656da23a2e0430c9b9b1fc	lua/layer/noviceWantedActivity/constant
c9caea73120679b57ef0698593c692ca	lua/layer/noviceWantedActivity/ui
e3ea2eb311362b8dd095b18935eea356	lua/layer/offlineBuff/constant
e3afdfae78d7d461b017b74bcdbaa95d	lua/layer/offlineBuff/ui
4f4d83e3f6eba53a6fa29d30f85c7ff8	lua/layer/outputMode/choosePanel
1e8ddd6d769b18cee3ef229e0466f216	lua/layer/outputMode/choosePanelUiData
2b8928a85864969aa5cd929137505249	lua/layer/outputMode/ui
2c709fe14817cdeaaf784349ed3b6b48	lua/layer/playerInfo/ui
959af208153aac69c59c5e9f01322fd5	lua/layer/playerInfo2/actorInfo/ui
34a93cbff17a8443d9c830846e24f33d	lua/layer/playerInfo2/battleHelp/ui
5682328e1968315033045b316350ad1b	lua/layer/playerInfo2/invite/control
a6f2e2f3ad7b6a3831d022b4991ce5a8	lua/layer/playerInfo2/invite/ui
16e9f26bf675090b45b4e75ec91f76e1	lua/layer/playerInfo2/invite/uidata
d8d4800e85ed07b58323b57b6ee7b5fc	lua/layer/playerInfo2/recharge/ui
23134e29569948678132ee0f8a2973ee	lua/layer/playerInfo2/setting/ui
5d18252b15f826285caee055beac9010	lua/layer/playerInfo2/ui
8c8ac8aa828b55a05135bc32482bc889	lua/layer/pushLayer
8c263578d35e4a896ae21be03e014649	lua/layer/rankInfo/dailyFeat/DailyFeat
e0e5dd30fc4afff86cb52976cb8cf976	lua/layer/rankInfo/officer/ui
d16a6fe7294294fe24f068301e50b9d4	lua/layer/rankInfo/twoRankInfo/ui
4fd17425c62f9ed777c13a85dd55ab2c	lua/layer/rankInfo/ui
ae74faeb0b209331fb3d1e2f7a2b5761	lua/layer/rankInfo/workerList/constant
c15f7addfb0ea692012195c6af4b52ea	lua/layer/rankInfo/workerList/control
db26e369a259c30ec950a8e0a93f07ee	lua/layer/rankInfo/workerList/ui
af39375e9f191328d3f578fbcd5df2a5	lua/layer/rankInfo/workerList/uidata
c9a1dce17bdcc499d3c69e039741d994	lua/layer/resource/SilkBuy
19f0cbbcd3622382ef6ab7f5f5224e99	lua/layer/resource/SilkSell
85673c2b0a5ad618afb9bcdd429a2e57	lua/layer/resource/blackMarket/ui
73de12c2198ee887437e12a0679a1dcd	lua/layer/resource/blacksmith/ui
de4418c6797b0e12fc1224cd8470e842	lua/layer/resource/ccbincense/incenseLayer
de1c7041f57425f30f371160de1948a6	lua/layer/resource/incense/ui
18e40140e387a25141057f39a8212372	lua/layer/resource/market/ui
3a9369c4397631700c7d8d6576c15054	lua/layer/resource/silkRoad/circleListNode
0707531ee84b48d9383bb66daa6e3a1f	lua/layer/resource/silkRoad/silkRoadLayer
4c4ec415f2df5b5f829cd4b0916c0dbf	lua/layer/resource/tickets/ui
9b890e33dc0d70d34d75ec3cd6353ce0	lua/layer/resource/ui
ea680562b93ceb172e1f5006d372d5b2	lua/layer/resourceArea2/constant
6849d039d55f5b43dc1c8aafce9d658f	lua/layer/resourceArea2/ui
c4fda53251bc277ad02b1246ea4e4835	lua/layer/resourceArea2/uidata
c0c71e4379031b059a6cca24ee9de5da	lua/layer/saotao/celebrateSlaughter
71f4ea4f01476b1c28a8dfc4e12547e4	lua/layer/saotao/saotao
5f2df55b1dc1626c8950473d0eacca82	lua/layer/selectForce/control
763b9e5eb4892dbae7f8fbec8de3f779	lua/layer/selectForce/ui
7d552409607511533539346dd63be4a7	lua/layer/selectInstance2/CbhsPower
0ff39998bcce3f413098412bde048b0d	lua/layer/selectInstance2/constant
824e62c5d6da0ce3462c0c1c5d1d5998	lua/layer/selectInstance2/control
159b321612af20f4e256b6ba43102254	lua/layer/selectInstance2/fbBonus/ui
1e69c21967dc7d3391e4b6e547c2d943	lua/layer/selectInstance2/ui
f5c1714c3b87a08faa6209ccc98e23b0	lua/layer/selectPlayer/ui
ee730bc23c249a09652fd427f09df1ec	lua/layer/silk/IntroLayer
b6330570845092ca469b54a01d672d23	lua/layer/silk/SilkPower
ed2e5dbace389c830a4b6ef4b33c053a	lua/layer/task/control
82c047309b2302a1c475cd330fb9fc43	lua/layer/task/ui
4e425db90894f4097aee336c15084efd	lua/layer/technology/buildTech/ui
390ca4eae724a4f1dbbc6e6865d275d8	lua/layer/technology/dragonTech/constant
0d3086bb8a1854cbbc4c3b0d9b1dc71c	lua/layer/technology/dragonTech/ui
1fa2638d6474bac0f255a4a93d8e7e54	lua/layer/technology/technologyList/constant
4ff493fe6dc4b71bf4c4b719a767c5b9	lua/layer/technology/technologyList/ui
98e0e55f987b557d2f984745be025045	lua/layer/technology/ui
8bf422725730266a1d39abbf9cf4582c	lua/layer/threeColorBag/ui
4ca4a85b2605b9edf846e42471837d63	lua/layer/touchLayer
71b0d39e0695ebca0020f0cbe1c59896	lua/layer/uncoverFog/control
aba3fb7cb1b7d984b48e0622122b0a32	lua/layer/uncoverFog/ui
99aa926bd0e067e64aa0510c44b403d2	lua/layer/uncoverFog/uidata
38c79a95c1c8eda37692d0f5ea731c0f	lua/layer/updateNotice/udateNoticeConstants
a81f5682836297c60fad70a52affb067	lua/layer/updateNotice/updateNotice
a2fc4b9b357033ec2d89cb785c60e617	lua/layer/updateNotice/updateNoticeControl
5c4f56057283ee5c4b044f9429afaee5	lua/layer/versionUpdate/constant
6945db9ae7e3bd190f60cdf2578df6aa	lua/layer/versionUpdate/control
396f2068604a7061fa64b14c9a5a5eb1	lua/layer/versionUpdate/ui
382d3fe19ae76e806abeb6531630e276	lua/layer/versionUpdate/updateMessageBox
94d178733d0d5accc5d35f4f4ae2cdf0	lua/layer/versionUpdateNotice/ui
f0dae936d637a6ea95c1b0f2e6818110	lua/layer/warOption/warOptionController
74bb38da68c322af042703df2b355496	lua/layer/weaponTab/casting/CastingPanel
f4199702c92289f6a8b95cdcd09344a2	lua/layer/weaponTab/casting/CastingQuickView
7229b083f88acf3c4f592ac5c8dd5d40	lua/layer/weaponTab/catapult/Catapult
b07c5f3f0504d0a9db9ec3ff5988666b	lua/layer/weaponTab/diamond/ui
851b58c531ea20d97d4ac31db46a89d7	lua/layer/weaponTab/diamondShop/ui
ccd193a3e856a590113e1d9fc37a7cd4	lua/layer/weaponTab/machine/ui
cae236333d98b9044b16b4bae49aa471	lua/layer/weaponTab/silkTreasure/ui
2cfbf48cbabc4d54e52668f552372af8	lua/layer/weaponTab/ui
c7df8916e7561c449df4c4948aaf5d06	lua/layer/weaponTab/weapon/Weapon
8bf7386ce67a82dd09ff706b5467d6c5	lua/layer/weaponTab/weapon/weaponGemLayer
1ad75e5be9cee8a9f34e15ef1e8f6573	lua/layer/welfareNotice/ui
7f4bdafe61a1e098b949dbf24bf4f6ce	lua/layer/welfareNotice/welfareDetail/ui
7cb0c448bc6b0db3438298cb4a48eeeb	lua/layer/world/DiedCastleNpc
ec9db23fa2656cbd833626772d63d795	lua/layer/world/FeudMenu
8e452bbb175ced69a9fd091222820053	lua/layer/world/FireMenu
2db338ac7cca4f25dee57e51d316bbbd	lua/layer/world/NewInvestMenu
8da76b016747d9bcbc629db5c9ef687f	lua/layer/world/ShowLeague
d1d6beba95a692ad425606213d408857	lua/layer/world/StrategyMenu
0a5ac927d9af7c775d0ff822ab23e66e	lua/layer/world/WorldCamera
da9608844a403abc4c2df3387fe28e56	lua/layer/world/autoBattle/AutoBattleNew
bebd364795ae7c8c83252a5fd149c495	lua/layer/world/barToken/ui
62cc10fa1aa7626a576d8256ac0f7212	lua/layer/world/buildEvent/BuildMenu
e5b0126e2bf74916289b190da0c1b8de	lua/layer/world/buildEvent/BuildReward
24e79eb6d0ef9e9877badb08b5a7c71a	lua/layer/world/cityCombo/ui
c005e8df6d860bd47f9f9cfce14d3bcf	lua/layer/world/cityWindow/control
cff0871fe6438935a79cd3113d3780fd	lua/layer/world/cityWindow/ui
d8918dc6ab28d460fa9318c3ac9fabbc	lua/layer/world/cityWindow2/BuildCastleLayer
c6e290780b7d27f12552ba2a34edd3be	lua/layer/world/cityWindow2/CityOrderLayer
65ef82d8590e5ecb465f1581c3d7c4df	lua/layer/world/cityWindow2/control
3bcf20bc1399ebd194cd188e6875ff84	lua/layer/world/cityWindow2/ui
89726f305b0e19b68cbd8621032d49f8	lua/layer/world/cityWindow2/uidata
9c489ad3ef048176697d27a21d55fff1	lua/layer/world/constant
32bf2d81f5647de5ed794336ea382aa6	lua/layer/world/control
5439bb06e72dd968362d6c750a0c3f30	lua/layer/world/convene/control
d21eab82db52894688517346f06bb64d	lua/layer/world/convene/conveneLayer
58fdb918caf29f6a5a22990746777dd0	lua/layer/world/cubePoly
c60967618801f773da0c77fd8ec36d07	lua/layer/world/eventPanelData
acf4a8aa9377f507859e8959251b3cfb	lua/layer/world/eventWindow
903accec05859bf258fc4f792085efbb	lua/layer/world/generalMoveLayer
e7af9a11bf3497382f4cb068ee27e4bd	lua/layer/world/hourRankReward/ui
65b9a2db94a9669e67f3d4210bae3927	lua/layer/world/jubenEnter/ui
8e723f118b2f7bc9ab44e5ba511abb7b	lua/layer/world/lockCity/lockCity
2cc401c59a4da57fd645969c94871dd4	lua/layer/world/nationChallenges/ui
492a8b418f8ead767c0c2e6dbc38d4fd	lua/layer/world/thumbnail/ui
988ccc4da1e7d0e08ee8f8b5dfda0a2a	lua/layer/world/traceData
5e376eff1e51e061ddc11d9088464597	lua/layer/world/tracePoints
89b7a7b65892219364e3bb658c1726a1	lua/layer/world/ui
75fe84bec8501944d936c704c69947c6	lua/layer/world/worldBuild/worldBuild
bf2ba41a7e78ce57871a44f18f288329	lua/layer/world/yuanshaoEvent
f717c822765efcc2c002a5d41be0ed0e	lua/layer/zhenwEvent/zhwControl
624171823cd413c84265d4418a538ab0	lua/manager/StatisticsManager
548bac2afc74fbcfe9a49f57a0179c8e	lua/manager/audioManager
1989a9a5be58454779845b05e7b8634c	lua/manager/battleManager
f65fc1e2f9ab577b9dfc2ce0b65157f2	lua/manager/channelManager
aa833df71c8fa79d297eacec8ab9ea49	lua/manager/connectManager
5700999242742e78234dc9b6fd62d59b	lua/manager/errorManager
6aa836f22e01f1cad59dfa2cb712ddfc	lua/manager/gmManager
2221085d53fe0b741d5e2e8f43d7f638	lua/manager/kfConnectManager
3bf58960b745e1ec65e4fb5a4c1d9eac	lua/manager/permissionManager
02f826cb745804baa180217a585d2f29	lua/manager/resourceManager
752c6f6efbdf1985c9341db4e7ea8092	lua/manager/sceneManager
2fe3ddd67723d4be92fbc2a8d11f7445	lua/manager/updateManager
8230aacdf249dc80f0d68816714ce16a	lua/manager/voiceManager
9d25569ef44cde867697fc6b0a54e3aa	lua/requireAll
4a916cee4bd305318b75d800695c5a31	lua/roleDialogue/constant
4eba4326518e9551b36db12fcb842541	lua/roleDialogue/constant2
2fbe83e8aa6b381a7be5014646a888ec	lua/roleDialogue/control
77ab8322e8c9e21a10cb3a7b54102100	lua/roleDialogue/ui
2ff9ea8bc5342bc99fb0a22c533cbf5f	lua/roleDialogue/uidata
560a9eaf10acbc9186ca011e4ef79c2e	lua/ui/autoUI
994d0f8e104cd25788e3af38195b6071	lua/ui/uiutil
641f9f18dccba4d2f266d14e76177c7a	res/animation
0bf484b2cc61616a6c6192cedf2b76d9	res/lang_zh_cn
e1a9b383477048baa09c262d6e424d17	res/layout/battle/chetuiPanel
575debacfa40e113e7e918d0bc5ef45d	res/layout/battle/generalSelector
d8aa9f6403fccb58304b783a406f304b	res/layout/battle/rightSidebar
8b4312a36877b4aa832c2a7b819c6ad6	res/layout/chat/chatLayout
7a80a1d39a697b602c90e707fdacceea	res/layout/chat/fastChatLayout
563a074a1d3d872ab7af11d55ca2e99d	res/layout/general/equipTips
1b25be73cf6c5cf5eb93a33aa4b8499b	res/layout/general/general
7dfbf4f8bfa10d7e5ce963d6145d7ab6	res/layout/helpPanel/warlockHelpLayout
f7769a7c16f07ad00792199bff126456	res/layout/zhenw/zhenwLayout
3d76dde6b435e0620a9522fad79d8ef5	res/native/offset
1e877093d7760100ab7af27026da0b9e	res/style
