# md5(original_path)	original_path
# Khoi phuc tu: (a) string literal trong decompiled Lua, (b) <textureFileName> trong plist
8b100557150b480a89f94669e5b3077c	res/anim/armyWalkEffect/armyWalkOnLan_att/armyWalkOnLan_att.plist
2f0ccfedc3194b53cf1733279c3fc6dc	res/anim/armyWalkEffect/armyWalkOnLan_att/armyWalkOnLan_att.png
4279fb7d6eb339da3a7dca712261dabb	res/anim/armyWalkEffect/armyWalkOnLan_def/armyWalkOnLan_def.plist
3c718e049e071a7a4841b3cece0e1c53	res/anim/armyWalkEffect/armyWalkOnLan_def/armyWalkOnLan_def.png
5dab95017293d2396c0ec83ad35836ca	res/anim/armyWalkEffect/armyWalkOnWater_att/armyWalkOnWater_att.plist
0b5be19cf288331d5c581e12336cb99b	res/anim/armyWalkEffect/armyWalkOnWater_att/armyWalkOnWater_att.png
0dead6bbf5dc1e1f128d48d693a48d55	res/anim/armyWalkEffect/armyWalkOnWater_def/armyWalkOnWater_def.plist
0fb59147d653a0047d8bfee269fa5045	res/anim/armyWalkEffect/armyWalkOnWater_def/armyWalkOnWater_def.png
17c30a4645b613280934a4d3118e1121	res/anim/avatar/att3.png
8292fe1b7571e3b4a7506df8f6820f1b	res/anim/boosting_morale.plist
a6ea9afd9790fe8036e1d816af6d9d9f	res/anim/boosting_morale.png
cb283bdfaa44753c4dee1fb436c28c4c	res/anim/buffer/rebound/rebound.plist
ece95dab7924df2f3d36f1abfd77d47c	res/anim/buffer/rebound/rebound.png
96bc74a28618587eacb2fa265b174ba2	res/anim/buffer/stun/stun.plist
a839ef64db7d9962e2bdeeea34d96f25	res/anim/buffer/stun/stun.png
257b14edfde5c82696c4adfcd58e0816	res/anim/buffer/wushenfuti/wushengfuti.plist
29d869bf8bba1c4f3e5ba625034a2dcc	res/anim/buffer/wushenfuti/wushengfuti.png
c2091736fe32ff3ef37b0d77d31837fb	res/anim/common/loadingAnim.plist
8ac23d9a29a8fdcd1a3019381a9decc0	res/anim/common/loadingAnim.png
49faf8dfaa722ff6628a8f0190b47ca5	res/anim/farmAddExpEffect/farmAddExpEffect.plist
02084dba2922f124fc2c08928afbf2c2	res/anim/farmAddExpEffect/farmAddExpEffect.png
7efd2e3f55176449dde12b3ec443fb76	res/anim/farmAddFoodEffect/farmAddFoodEffect.plist
7f79b950ab87f90e1c1b468835c52a95	res/anim/farmAddFoodEffect/farmAddFoodEffect.png
0a7feeece001039d5a696da8f86e7cbb	res/anim/fightEffect/fire.plist
13374ebe99652dc7d4ea3e03a15dbc09	res/anim/fightEffect/fire.png
e8545be0e0b68c0cb5025479d5b05a77	res/anim/fireEffect/fireEffect.plist
29da12ca6fdd5a5bf60fe896d822e734	res/anim/fireEffect/fireEffect.png
6d5c6903066c359c6d1b5998894abc9b	res/anim/flash_ligth.plist
acfe24d545addf68588cfb4ee34dac0b	res/anim/flash_ligth.png
ab276d6ec0f56022a5d4b94af58bab39	res/anim/hammer/hammer.plist
19501a76b7aa6b9b7a4688e48ae5136a	res/anim/hammer/hammer.png
dbaa1f358d5c5e30c0579a2c167abc0d	res/anim/huizhan/huizhan_effect_lv_1.plist
d41da71b95ffacbbb40151cc760e7e05	res/anim/huizhan/huizhan_effect_lv_1.png
c19103323f53d3714ca0b15fbc4bf0aa	res/anim/huizhan/huizhan_effect_lv_2.plist
a2260ae9c7fdc7ff15ad7edcce09d9d2	res/anim/huizhan/huizhan_effect_lv_2.png
6629e5013a4152bd5dfb49de8dfa11be	res/anim/huizhan/huizhan_effect_lv_3.plist
a0441235116cd5b33612f0f0bb89fe38	res/anim/huizhan/huizhan_effect_lv_3.png
ecc4170dfe64e15881a6f3debce1c325	res/anim/huizhan/huizhan_effect_lv_4.plist
c970bc739af7ed0f5762f728a541eb68	res/anim/huizhan/huizhan_effect_lv_4.png
aaa791a5eede0051c02979659e8bb4c8	res/anim/huizhan/huizhan_effect_lv_5.plist
60acdd8b86893ee30064419a22da8483	res/anim/huizhan/huizhan_effect_lv_5.png
a81bb0ca9d220036580f35823b3e034f	res/anim/instanceAnim/bonusAnim.plist
8a135d4c3758b28685b70b1e238349f2	res/anim/instanceAnim/bonusAnim.png
7bcacb8b132755030e5bd2165310d3e7	res/anim/killEffect.plist
91d13b706f7f3f748dda06c2c19cc4c4	res/anim/killEffect.png
09789005d4c10ab966d64b813dc4ebb5	res/anim/newTaskEffect/newTaskEffect.plist
5493a0c8235a94cdcfd3f7f39fea4d18	res/anim/newTaskEffect/newTaskEffect.png
b64072adab5090e243612e4eb259d3b9	res/anim/resourceAnim/buildingManAnim.plist
49e651f78f385d89c2b7e080e9e1fa3e	res/anim/resourceAnim/buildingManAnim.png
04e674f6efb09e70d8bfd0934f9113d5	res/anim/resourceAnim/itemLight.plist
e6705a484ed28d6ba18790b70c2c2ae8	res/anim/resourceAnim/itemLight.png
86f5b7aed4f8f1aa280fb4ce7934a619	res/anim/resourceAnim/jinguangAnim.plist
91acd9191ce505c5b715ca3bbfb70ac2	res/anim/resourceAnim/jinguangAnim.png
38f95ff377a89d197e7bd1036e30ccef	res/anim/resourceAnim/resoLight.plist
163c639295683c1ad952ae01fb7925e5	res/anim/resourceAnim/resoLight.png
5682577265f07986af4bfa5168b63a41	res/anim/sdtj/itemLight.plist
b7d07b5b05e49f07294bf410e154abf9	res/anim/sdtj/itemLight.png
5c1e7e32091b8e3e432950c140234376	res/anim/sdtj/swordFire.plist
377851fdd1acb0bbd1c1729024c0804d	res/anim/sdtj/swordFire.png
fa1973dcfd20f76c9ba443badb6cb5b2	res/anim/speed/SpeedEffect.plist
e8470d23bcd90bd526908f6e336f09c6	res/anim/speed/SpeedEffect.png
66f5a48387a014ceaa8413e2817fcbd0	res/anim/stategyEffect/att_group_arrow/att_group_arrow.plist
4a5c8240ae531ce47e5ccebfea7c3df8	res/anim/stategyEffect/att_group_arrow/att_group_arrow.png
df37dac5f0e7e9ee75e54b8c9fef4137	res/anim/stategyEffect/def_group_arrow/def_group_arrow.plist
f67f6e2942fe0751328b7807461dcf84	res/anim/stategyEffect/def_group_arrow/def_group_arrow.png
76e8ac907655ed6262182744e5f75a55	res/anim/swordEffect/swordEffect.plist
62cb38cb15ba0cd317d7bca1cdf0a4ea	res/anim/swordEffect/swordEffect.png
49694ae741b2b153a9813b58e5ba6f6f	res/anim/tacticsEffect/specialAssWin/specialAssWin.plist
854df8dce959f7ed8375bc047b16480e	res/anim/tacticsEffect/specialAssWin/specialAssWin.png
e2e8650497858457d2200c7ad7ac9185	res/anim/tacticsEffect/specialAttWin/specialAttWin.plist
aaf8f5448d8042929e56afc3c7e46c76	res/anim/tacticsEffect/specialAttWin/specialAttWin.png
d9d16f4c7beb7872a6e6312b5efe357b	res/anim/tacticsEffect/specialDefWin/specialDefWin.plist
d7c1495c3594606434abadc89b3f4a22	res/anim/tacticsEffect/specialDefWin/specialDefWin.png
3983f5114be48f4e3d76252b41f35464	res/anim/warlockUpgrade/warlockUpgrade.plist
038d8633e14bfc3b311a8a004870f571	res/anim/warlockUpgrade/warlockUpgrade.png
5e65a51863a55c774de5eae5db40dfdc	res/army/army.plist
7a4b0a6d13609131d0559df3bb9e1045	res/army/army.png
498783b1376416f67494fa97388a8b8e	res/default.png
2880d65586024d773078c79cd5e8b3fa	res/native/ui/activity/beast/ns_tit_xshcx_1.png
088372575c7a417efd51225aec840746	res/native/ui/activity/beast/ns_tit_xshcx_2.png
792c499da005aa84b327c65df85aa674	res/native/ui/activity/lantern/yxhd_tit_di_lun.png
141e6e2eafaad8e661ac7018e5695b06	res/native/ui/activity/lantern/yxhd_tit_di_ming.png
8d52daa45c2640006a8a181e148eb85a	res/native/ui/activity/lantern/yxhd_tit_gc.png
10986d07c42d16d215dc41d7574dbcf4	res/native/ui/kfworld/kfWorldRanking/kfgz_view_zbjd_up_tit_date_slash.png
a0f8d0e7660ab684c576e5cc2e11b82d	res/native/ui/kfworld/kfWorldRanking/kfgz_view_zbjd_up_tit_dzqk.png
1144d52e7971eb0fbcab6e7e8918a604	res/native/ui/kfworld/kfWorldRanking/kfgz_zbjd_tit_jrj.png
ec33a04998f0102766a59298afc5f97b	res/native/ui/kfworld/kfWorldRanking/kfgz_zbjd_tit_jrj_over.png
a759d38d0330f1e404839e50fb03a859	res/native/ui/kfworld/kfWorldRanking/kfgz_zbjd_tit_jrj_schedule.png
a07d76d213a65e24c0f2f683dbca8002	res/native/ui/kfworld/kfWorldRanking/kfgz_zbjd_tit_ybj.png
131852dd769c9d5ba283d7b19f99a4fc	res/native/ui/kfworld/kfWorldRanking/kfgz_zbjd_tit_ybj_over.png
67d11717ca5ff9748d5cd64a9f666fbd	res/native/ui/kfworld/kfWorldRanking/kfgz_zbjd_tit_ybj_schedule.png
208339e7a9f7ae1edd8f2d6eb5faee86	res/sys/loading.plist
243350f672076d22a6acdf3795068ce5	res/sys/loading.pvr.ccz
81e0a5ed4604e136cd42e04f629cf5b2	res/sys/serverItem1.png
9d865de30954457a6c7467ac74c928ec	res/sys/serverItem2.png
b05ac33ae59760d6159e92834b97f401	res/sys/server_hot.png
ed2ed3ddcf0e053ef17f586005fc67b3	res/tiledmap/block1_1.jpg
68370d26e4e5398572196f9f8e51b3a6	res/tiledmap/block1_2.jpg
39cae835659cdff535201e5c29ae8cd7	res/tiledmap/block1_3.jpg
4852f3438206952607cd8a3e9510bc34	res/tiledmap/block1_4.jpg
904a5eb101e89e1e280e8ce5de1638a6	res/tiledmap/block1_5.jpg
9b1c48b5255a450053822ddcc1560a73	res/tiledmap/block1_6.jpg
6033200bf018b29fd017799411268441	res/tiledmap/block2_1.jpg
897f91fbf3c789eb21582127d4f33e87	res/tiledmap/block2_2.jpg
ca1074786e09d2d658c2c15be7c3b89c	res/tiledmap/block2_3.jpg
a0033eb184668d68873fdf5fc1e58cbd	res/tiledmap/block2_4.jpg
e33e0d1faa8f043eada6497e4dc2d4e0	res/tiledmap/block2_5.jpg
5c923e906d7fa6d882eafd9f3691c372	res/tiledmap/block2_6.jpg
f151849e59eaf3f5aaa7f2f917d39b1f	res/tiledmap/block3_1.jpg
1816175563d9a1aaf604d8a8cb7c739d	res/tiledmap/block3_2.jpg
5b72cfa266d9270046377e6c1a78f4c7	res/tiledmap/block3_3.jpg
995837a9994ca67e9fd0132ec0975ffb	res/tiledmap/block3_4.jpg
8e291a260ab9c15e28c3a133c4c0b2b5	res/tiledmap/block3_5.jpg
4ea814812edc025a949512ad45314269	res/tiledmap/block3_6.jpg
ebfb628c327bd59fda16d0f6bd35d43d	res/tiledmap/block4_1.jpg
bb4b2c22cc3c84a58ff4c29ec608349a	res/tiledmap/block4_2.jpg
3a17b79980a0992c6857f1d86e484620	res/tiledmap/block4_3.jpg
b6dd043c7c30b2e2f60da91fe4128998	res/tiledmap/block4_4.jpg
869cb49311997becb7cc1a7a23c62040	res/tiledmap/block4_5.jpg
e7a280acf3244d57db0ceff59b180049	res/tiledmap/block4_6.jpg
dddec7cf00bea071248fe6530953d3d6	res/tiledmap/block5_1.jpg
deda8ecc5247001083585f6ed0ba1a0f	res/tiledmap/block5_2.jpg
23197144ce4d051d17a49a5df446cd1d	res/tiledmap/block5_3.jpg
76cf4f24d0f8238ba0aaa701aa8267aa	res/tiledmap/block5_4.jpg
2b98653a8003110a20383b31e6721426	res/tiledmap/block5_5.jpg
7f7eac2588be8853fec85aaf7f640c9f	res/tiledmap/block5_6.jpg
142990d45a9b5e81c3254b922777fdfb	res/tiledmap/block6_1.jpg
4eeed3aac77e7589d6ba2f2ffc795b8e	res/tiledmap/block6_2.jpg
8bbfd75e77273ec70d92743231fc11b2	res/tiledmap/block6_3.jpg
e0d3716711ef2cd7cd40f963588be73c	res/tiledmap/block6_4.jpg
35bde946936f9570d42717417b2d9e93	res/tiledmap/block6_5.jpg
a029009e09a18c52c556feba6fc96c10	res/tiledmap/block6_6.jpg
67ef8ebc5c733dd4ff8b464154b5a784	res/ui/activity/acti_btdhk_list_bg.jpg
94d78d5420e5c04aff5e3da97c961836	res/ui/activity/acti_cjsjy_list_bg.jpg
cacd1b522ec792b461bf73e4b3bdb2d0	res/ui/activity/acti_czsj_list_bg.jpg
91ff2c33bf7136e500176f2f910a86b9	res/ui/activity/acti_jyjc_view_bg.jpg
ccca5f7fd0ae406f199664dd229e0a84	res/ui/activity/acti_list8_bg.jpg
c4661ca432e220665403380bef06cdc2	res/ui/activity/acti_view_bg.jpg
3ecfe4ac7efab6c682b4e0e9d7584f75	res/ui/activity/activity.plist
f69a0328552d99c41f1663f5a3a28c50	res/ui/activity/activity.png
9c6f3a27f5d5df921b0b724f38eca049	res/ui/activity/ancientCastle/big_1.png
eae7c08a850b7db3c8641554d909426c	res/ui/activity/ancientCastle/big_2.png
c1c8ed1941c54f6a5b8057faab11b056	res/ui/activity/ancientCastle/dickai.png
77e1af256bbc63012b171ccd3130e9c3	res/ui/activity/ancientCastle/dicz.png
7638fef99086371fcf791b797ae3c444	res/ui/activity/ancientCastle/dunhuang.png
35162108ee861f247572e2437d1cff14	res/ui/activity/ancientCastle/dunhuangjiemianditu.jpg
5e49338327cb8d77986463384b86fe12	res/ui/activity/ancientCastle/dz.png
c5d5757aaf56d65eea5bdbef96d52145	res/ui/activity/ancientCastle/gaockai.png
9c9e7abe026eb605f5abc3c69757993d	res/ui/activity/ancientCastle/gaocz.png
94aad2fd067a248d60fc9a1394208a62	res/ui/activity/ancientCastle/gcName.plist
c83f95ea29d958946d0ca7b1a92f5909	res/ui/activity/ancientCastle/gcName.png
11083d3e555588b726cbb9f12d069d23	res/ui/activity/ancientCastle/gctb_jmbx01.png
8d10b3f13ed9270b7f625e7c0557d853	res/ui/activity/ancientCastle/gctb_mc.png
df2e31e0bf86b2285c266260217437ae	res/ui/activity/ancientCastle/gctb_sz.png
4e939d551224a1b2307426a2d5bfce59	res/ui/activity/ancientCastle/loulan.png
929997c6856e03a23c9d758e61972b64	res/ui/activity/ancientCastle/loulanjiemianditu.jpg
6941669eca4cc529277f541b963df1f1	res/ui/activity/ancientCastle/mz-hkz.png
0f26a1d8c033ad5aede692688d94cd32	res/ui/activity/ancientCastle/mz_b.png
ad2c4d57682add09f3b20f7ac8d5ccf8	res/ui/activity/ancientCastle/mz_djs0.png
0113f6e7a2607cf4fcea826612dcf7a6	res/ui/activity/ancientCastle/qiangwu.png
82bbe44470cb0a6b1770da427f035e59	res/ui/activity/ancientCastle/qiangwujiemditu.jpg
30450f2a4c65a48b9aa353e585ccf8f3	res/ui/activity/ancientCastle/s_box_1.png
acfec7ebcf26955d9cb1e1a61889d1c0	res/ui/activity/ancientCastle/s_box_2.png
af170c8cc5f187f9d3679afd760e2ef3	res/ui/activity/ancientCastle/s_box_3.png
eb73634386eac8e79db2aa2646a9588b	res/ui/activity/ancientCastle/shaizi.plist
607511c1f79811b7a0a6bfb77e470ee9	res/ui/activity/ancientCastle/shaizi.png
b235e3875d16e66c92d474315173c68c	res/ui/activity/ancientCastle/start.png
535001ecec48061a0ff615a32881eb70	res/ui/activity/ancientCastle/xbaox1.png
7398d79325495ce72149b6b9229452e4	res/ui/activity/ancientCastle/xbaoxiang.png
0d40d723bd65379eb4ca9e3f3b4153e4	res/ui/activity/ancientCastle/xiaoren.png
489ef53ada00c190f15285e8e2cdbafa	res/ui/activity/ancientCastle/zhongckai.png
69b74103c93513171e0f1b7659cfda00	res/ui/activity/ancientCastle/zhongcz.png
b522714714f2889bf6fda8b0f6413e45	res/ui/activity/baiNian/baiNianPic.plist
e3d495118553b4b6e7075a9ca291c1dd	res/ui/activity/baiNian/baiNianPic.png
3f937e9e11f6fe5ca9bfecd0f57a8934	res/ui/activity/beast/beastAnim.plist
1293360cc550b2fc6f9c269f2b441982	res/ui/activity/beast/beastAnim.png
548031d42344a78e77d3ac6f2fa874cf	res/ui/activity/beast/beastPic.plist
3d31d2b326e580bed55e2ae693ba6d3f	res/ui/activity/beast/beastPic.png
b9f314236ce04d6b943db08601b695df	res/ui/activity/beast/ns_bg1.jpg
2f8822d0a8710a79ce506ba46dc7fbdd	res/ui/activity/beast/reward.plist
4fa8e86edabf31b05b5e6fe974afb8ce	res/ui/activity/beast/reward.png
91777fe28890646ea4dba8da23fff902	res/ui/activity/christmasDay/sdhd_bg.jpg
71095a85bf1f6d26a760758dea9ce537	res/ui/activity/christmasDay/sdhd_dg.png
39220e7c6970d934b28f76065da75a6f	res/ui/activity/christmasDay/sdhd_gift01.png
d696fa6d69c972b023f806ef31926641	res/ui/activity/christmasDay/sdhd_gift02.png
ac3fc064454d6cedf2778b1942cfab69	res/ui/activity/christmasDay/sdhd_gift03.png
8237ed757b90f335c8cd720496969eab	res/ui/activity/christmasDay/sdhd_gift_light.png
4c5573c59203e9f240996aa01698e312	res/ui/activity/christmasDay/sdhd_title.png
88e77e869f5295809780cfd2519ba4f2	res/ui/activity/christmasDay/sdhd_tree.png
0dfd34e6f03eb5e53e91aa9178b03715	res/ui/activity/christmasDay/sdhd_xh.png
83d7f7ec68c0e70ffda5a590dfa6b741	res/ui/activity/christmasDay/sdhd_ysd.png
de7aa320808d7da9fb389b8ef7a90471	res/ui/activity/christmasDay/sdhd_zscq.png
8975f8c8b88e9bf3fe88ff7bae1ad794	res/ui/activity/christmasDay/sdhd_zscq_light.png
e1110d95f372a3617786551b41d55636	res/ui/activity/christmasDay/sdhd_zscq_small.png
5f5433663210aa207965f3f12302fa06	res/ui/activity/christmasDay/sdhd_zslwh.png
7546bf4d39a96aa77ec06cfd227b3620	res/ui/activity/christmasDay/sdhd_zslwh_light.png
2c4ca683df1566923c6e5c67260588a1	res/ui/activity/christmasDay/sdhd_zslwh_small.png
c0bfb2c86c806350ba32144ab6deb7a7	res/ui/activity/christmasDay/sdhd_zsxh.png
6b681da25ff1022b4a7b1919fe5512d7	res/ui/activity/christmasDay/sdhd_zsxh_light.png
9fd09a0ffff6bb73679730fc30090073	res/ui/activity/christmasDay/sdhd_zsxh_small.png
ae7c5382c24dd426ffe6390d4ca58b5c	res/ui/activity/famous/get_icon_84.png
bb72271e94a39ab4d0834216896beae2	res/ui/activity/famous/gjms_b_bm.png
106ef8c30ae266838f11231a06f97a5d	res/ui/activity/famous/gjms_b_mj.png
ddee51a29e98c32b7f0d6e09f38e5b7b	res/ui/activity/famous/gjms_b_sh.png
dc542985888a67352bbefefe0f93de46	res/ui/activity/famous/gjms_deg_con.png
036b9535d840ceb8b0d100b5b3d36c67	res/ui/activity/famous/gjms_deg_div.png
25146eab7efa16f74f3689830709dc5a	res/ui/activity/famous/gjms_deg_icon.png
dab7371dc215afebd4730596c4fe515a	res/ui/activity/famous/gjms_deg_icon_gray.png
2f666c5cc661a800d5ecaef64e168903	res/ui/activity/famous/gjms_deg_view.png
213f20d193551df03b46e5047cb98b7c	res/ui/activity/famous/gjms_fig_icon.png
9763e526eab84596989a42c4f220f29c	res/ui/activity/famous/gjms_fig_icon_lig.png
1345992dd22ea680ddce3102cc763e3f	res/ui/activity/famous/gjms_hsb_view.png
3a09aae9cffca28ce12cdbbd57c15f2a	res/ui/activity/famous/gjms_hsb_view_lig.png
ea34c9e9f093351fa8c05855b47707b0	res/ui/activity/famous/gjms_icon_bm.jpg
38ba33deb1b0a5edb6be31b1f562a29e	res/ui/activity/famous/gjms_icon_mj.jpg
3be9fd472df437c1d84e929ebe43059a	res/ui/activity/famous/gjms_icon_sh.jpg
7d52df396d5f1a781f22ab4dfdedb37e	res/ui/activity/famous/gjms_icon_view.jpg
2f5f0ff83c3caeb185aff04abd736965	res/ui/activity/famous/gjms_ms_lig_bg.png
bb1c4802e48b392b3d4d334071c97422	res/ui/activity/famous/gjms_ms_tit_view.png
dff60b158108251cc8321e4350b25779	res/ui/activity/famous/gjms_qbjs.png
e42e1886a22755798407ed97c24a9191	res/ui/activity/famous/gjms_sce_list.jpg
f05f36ad475773549436520be960bbf0	res/ui/activity/famous/gjms_sce_list_on.jpg
099d142f757d9a392d9c1cd14fafbe83	res/ui/activity/famous/gjms_sce_view_bg.png
b15c3a31da7a28214e59110109a7dea1	res/ui/activity/famous/gjms_tit.png
b834ff46dd7830f967dc60c35335e905	res/ui/activity/famous/gjms_view.jpg
abb81308a8a7bbc2dda3c6d8a218dab9	res/ui/activity/famous/icon_jb.jpg
5b5cf49422ab85a1ca826d471b7a600d	res/ui/activity/gemsActivity/acti_baoshi_di.png
fdc6d1f09f7392320db709ede9abb478	res/ui/activity/gemsActivity/acti_shenchui_icon.png
1433d6bce4a1d70820c719c2031c251e	res/ui/activity/gemsActivity/acti_tit_wsgem.png
2a9a69092060e937fe58d4cbcf50bc8c	res/ui/activity/gemsActivity/gem/greengem1.png
7ce46fbc4eae72694d648fce1b2448bf	res/ui/activity/gemsActivity/gem/purplegem1.png
1ab58580a575b6fcca688957792f0dad	res/ui/activity/gemsActivity/gem/redgem1.png
947fce16556b9dc0a7cb7909feb1a289	res/ui/activity/gemsActivity/gem/yellowgem1.png
53578ac2d8cd07d6c6c2d17389b15064	res/ui/activity/gemsActivity/gemeffect/gemeffectbig_1.png
dbe8f50c73628fec200c6f116b221a25	res/ui/activity/gemsActivity/gemeffect/gemeffectsmall_1.png
aecd0623e6c0072ffaf1f17d93b520cb	res/ui/activity/gemsActivity/gemmine_chuji.png
f22c95c2e5181f43d8c4bc69ef618c84	res/ui/activity/gemsActivity/gemmine_chuji1.png
a2bda2666834ac990f15c491727ef1c5	res/ui/activity/gemsActivity/gemmine_chuji2.png
8e6423f9aedabf6f07988cdec90a887a	res/ui/activity/gemsActivity/gemmine_chuji3.png
e7a1ae3ba227fd8b7b6ea088fead0c06	res/ui/activity/gemsActivity/gemmine_gaoji.png
88e375aaebc3d05af72514aede0de948	res/ui/activity/gemsActivity/gemmine_gaoji1.png
2b36d13d3bc3586d8bfdb766f0be02a3	res/ui/activity/gemsActivity/gemmine_gaoji2.png
404315438c0fb9a59fd791b8b791963b	res/ui/activity/gemsActivity/gemmine_gaoji3.png
dac72f506576468bf440f72b14011eb5	res/ui/activity/gemsActivity/gemmine_teji.png
43cd0789f026e899f00f0a7d84a66979	res/ui/activity/gemsActivity/gemmine_teji1.png
54ab3a61ddcb1095b94564c95a40674f	res/ui/activity/gemsActivity/gemmine_teji2.png
dc3acca11ff0e738b5c48c429b237d67	res/ui/activity/gemsActivity/gemmine_teji3.png
264df346878911de39f3ecb8a0f84660	res/ui/activity/gemsActivity/gemmine_zhongji.png
e6b4950262724ddb349f395beec87180	res/ui/activity/gemsActivity/gemmine_zhongji1.png
7b171e99542983437f5d404f59cce529	res/ui/activity/gemsActivity/gemmine_zhongji2.png
8bb2d1df98070d3e8b2d0eddb157950c	res/ui/activity/gemsActivity/gemmine_zhongji3.png
f796d6a3bf09e87057f927665a8eca60	res/ui/activity/gemsActivity/icon_gem.png
ef8952f9c0eac4afd94053ecbe6800a9	res/ui/activity/gemsActivity/jdt_1.png
2b071578e8d1124af5822c1d928bc916	res/ui/activity/gemsActivity/jdt_2.png
5bf55a34feee45b7cefb29daafc12794	res/ui/activity/gemsActivity/jdt_3.png
404f2a2b4412ec704ea8d4e4cbece2e1	res/ui/activity/gemsActivity/jdt_di.png
3ea8ac1e77967499884f3de4e4e5bd27	res/ui/activity/gemsActivity/jdt_fg.png
88429e4e5259cc2a0150e9bb0d4f9e12	res/ui/activity/gemsActivity/mz1.png
71e8e90a0fe04355e88d2addd420b6e8	res/ui/activity/gemsActivity/mz2.png
228bde76a2b2f854fef7204db757ceff	res/ui/activity/gemsActivity/mz3.png
bcdc7ec5ffec37194d9d970976a0d5cf	res/ui/activity/gemsActivity/mz4.png
1b0c4c46ff4da5230831971144dfeef0	res/ui/activity/gemsActivity/mz_hdbs.png
9ee7ff2a428d1f8728f86d2918a2da9f	res/ui/activity/gemsActivity/shengchui.png
a8aef0bef6718e71ba911d0d9ccdfa7f	res/ui/activity/ironMine/btkd_bg.jpg
b01c6f47fbe49a6d2f03a3f58e1a82b4	res/ui/activity/ironMine/btkd_bg_pit.jpg
58f4bb9a2d7131f70738715d6f0647de	res/ui/activity/ironMine/btkd_fire.plist
877fa75ba6c848766490ce372f2afcb2	res/ui/activity/ironMine/btkd_fire.png
4e14dff358ac0bbdef5f496dfb26e87f	res/ui/activity/ironMine/ironMinePic.plist
4676e8d029f6b1124a26cf5099c06856	res/ui/activity/ironMine/ironMinePic.png
9350d76a5223a3092401a02829b53e17	res/ui/activity/ironReward/acti_iron_icon_1.jpg
d73903e0f6073c4a62672d5c2e6e2758	res/ui/activity/ironReward/acti_iron_icon_2.jpg
5ec3de9fd14fedfb53561b548dc8914e	res/ui/activity/ironReward/acti_iron_icon_3.jpg
9b7bab49082b37642902d5f6da5b9830	res/ui/activity/ironReward/acti_iron_icon_4.jpg
18a003b53f60c13a55594afb71a24fcf	res/ui/activity/ironReward/acti_iron_icon_5.jpg
efd44476913ea4e11e24d3acd0f6582c	res/ui/activity/ironReward/acti_loading_con.jpg
90eda472a85aae80b01e8ed219de7ec2	res/ui/activity/ironReward/acti_loading_di.png
48a4c3d4861ff84b73e0271e8383490a	res/ui/activity/ironReward/acti_text_ci.png
a3d30ea97f210ba4f98937a061d3a676	res/ui/activity/ironReward/acti_text_icon_bjzz.png
761327c93b5b95ed5a5b85a4f82d6c51	res/ui/activity/ironReward/acti_text_icon_sbjs.png
7d3097954e1571a71a97233f766b12fd	res/ui/activity/ironReward/acti_text_icon_sbzz.png
84338f37783411a60ad28c35b5021845	res/ui/activity/ironReward/acti_text_icon_shbzz.png
3764ea26c86a875658025a94df5d7424	res/ui/activity/ironReward/acti_text_ncjs.png
f35f01d9fd5e3ea231cd70bf290ac982	res/ui/activity/ironReward/acti_text_qjzz.png
7e87623dfcb609f17bdeda5a0b62b32a	res/ui/activity/ironReward/acti_text_qqtg.png
9174ec9622b8611edc9f26a14d91e360	res/ui/activity/ironReward/acti_text_sqzz.png
656c4959c82e4971d213a05608163eb0	res/ui/activity/ironReward/acti_text_tljs.png
3537ae36cd00be75e7a0d90b7a513036	res/ui/activity/ironReward/acti_tit_btjs.png
a740f6c307e1a8f661332be73b3f15fa	res/ui/activity/ironReward/acti_view_award_describe.jpg
8ce1ea3ad5e174a81e94eb72213b141e	res/ui/activity/ironReward/acti_view_left.jpg
2fffd8997f51464f6c6e1a408c1d3964	res/ui/activity/ironReward/acti_view_right.jpg
fed226d8f6bfc95442b8cd9816baaabd	res/ui/activity/ironReward/bq_icon_sud.png
ca130d6e724fa11c107e6ed29573cb7d	res/ui/activity/ironReward/btjs_degr_con.png
ee510ded95494a0cb028b7c6f7c96166	res/ui/activity/ironReward/btjs_degr_con_div.png
f81f0061ca835fd477cbadd7ff5a3078	res/ui/activity/ironReward/btjs_degr_view_bg.png
8a3e4cb2a50fe5888f7bce82ed75d22d	res/ui/activity/ironReward/js_get_bg.png
17a7366e1d3753fbf25d5871248a1afe	res/ui/activity/ironReward/xs_view_2.png
d288b1f036300ecfe34d6d80a0f77e0a	res/ui/activity/ironRotary/bint.png
d3c1a13d60309f4db730fa2dee324355	res/ui/activity/ironRotary/btdzp_btn_lig.png
58bca94e8869b39973ddc28f01ef16b1	res/ui/activity/ironRotary/btdzp_lig.png
9385dd45ca2c45e7ed428d3d93a02621	res/ui/activity/ironRotary/btdzp_load_con.png
a52afda2c7ba2ed47f0c3ffc2456372f	res/ui/activity/ironRotary/btdzp_load_di.png
098a3afcf25a8061d13a6d04ecaa2d5b	res/ui/activity/ironRotary/btdzp_zhuanpanbn_up.png
b567e26ad029fb28583eae002129df97	res/ui/activity/ironRotary/btdzp_zp_di_down_lig.png
469375e77dc0ded1afaddee6718daa1a	res/ui/activity/ironRotary/get_icon_zhunpan.png
7aa32fea122101a76b0fd026bfadc15b	res/ui/activity/ironRotary/huode.png
999279c88412d806f069a921377870fb	res/ui/activity/ironRotary/yuanbao.png
605af00bf38f542ea36b96d13e3fe1e9	res/ui/activity/ironRotary/zan01.png
922b7e78baa383e9fb96c0bda3114cfb	res/ui/activity/ironRotary/zan02.png
9518ae37c2e7042b0fbea726b472e13b	res/ui/activity/ironRotary/zhizhen.png
4f9dde69e2e8af160aa0924f583dbddf	res/ui/activity/ironRotary/zhuan.png
f65d98506bdd4dced724758a2d22247e	res/ui/activity/lantern/lanternPic.plist
a9b104436642348b528cb9a40c6f2ca7	res/ui/activity/lantern/lanternPic.png
deb2b5a65ed22df3510cb05a7f836aa1	res/ui/activity/lantern/steam.plist
cc289db41ef3cd7de1a927d5f1b51742	res/ui/activity/lantern/steam.png
1cc4007d8ad1ed34f106d301594fcf90	res/ui/activity/lantern/yxhd_bg.jpg
f22d49e55fa718ac472f8b23529d8cfb	res/ui/activity/midAutumn/midAutumn.plist
ecee6e7ec77b955defee7a9b6f3c3f87	res/ui/activity/midAutumn/midAutumn.png
20d718ce21ac493df41fee4f19613845	res/ui/activity/midAutumn/ybjl_di.jpg
f9625468a255b170071c46f3408ea07e	res/ui/activity/redBomb/acti_tit_czshb.png
8c7eea66fe8dbd8b97799f1a16a296b7	res/ui/activity/redBomb/czshb_deg_icon.png
1e1f677222f4ac830742a8d55b022120	res/ui/activity/redBomb/czshb_view.jpg
2327cc63a292cffc0bdd13286b4f36b8	res/ui/activity/redBomb/sanbao.png
4aa8eddc889d646aaf0979349c7a54d6	res/ui/activity/redBomb/shibao.png
7da018a71c71c3a523858169d5bc982a	res/ui/activity/weekActivity/acti_icon_box.png
c4853b73d843428df2be107953901ea9	res/ui/activity/weekActivity/acti_icon_food.png
6248831b37fdb5afebeceb40ee9e7aec	res/ui/activity/weekActivity/acti_icon_gold_2.png
9d27e80ce12dbbe6dd90189732f47d17	res/ui/activity/weekActivity/acti_icon_gold_3.png
3ad2cfa99bde52cf47456b95855abb64	res/ui/activity/weekActivity/acti_icon_jb.png
d3fc3886f793f04f63ef022ae19263f7	res/ui/activity/weekActivity/acti_icon_wood.png
77f5bcf9e4d3b5ad20c271233a70c4a8	res/ui/activity/weekActivity/acti_lxdl_tips_list.png
f43aa9329f507c78a34ee92d1642bdac	res/ui/activity/weekActivity/acti_tit_lxdl.png
62dbb870d909dac2eef313b0b3cf2cff	res/ui/activity/weekActivity/resou_up_numb.png
eea321d955467790e8a2f7ef4a6afec7	res/ui/activity/wish/wishLight.plist
af143198d9fea8a33f81b5f66a75a6a4	res/ui/activity/wish/wishLight.png
f0a2f90fbffabeaacc7ae087c261cf66	res/ui/activity/wish/wishPic.plist
67c82c28f31b5174bf4d70262ea6b805	res/ui/activity/wish/wishPic.png
5b687c378060a67114a9369190c04a84	res/ui/activity/wish/xcxy_bg1.jpg
7f049ff6d73d6f90486e28596bccfc21	res/ui/activity/wish/xcxy_bg2.jpg
7ece2c7f85bc515c97135ac91d91a1d7	res/ui/activity/xilian/acti_text_hdmj.png
1fb8505bb7028b349046b29374911490	res/ui/activity/xilian/acti_text_jnsj.png
8f337959188314353f0f5cd93ec334db	res/ui/activity/xilian/acti_text_myzz.png
3f68a75b7f8773fa01b6a031d010eb0b	res/ui/activity/xilian/acti_tit_xldfs.png
d1b205db810862d49601ec08ba1c9d3b	res/ui/activity/xilian/acti_xldfs_view.jpg
d7dc3639f90eb0830b8144b4e2f58a45	res/ui/activity/xilian/progress_bar.jpg
02cca1b0836c9e5ccf2a493aac1cef2c	res/ui/activity/xilian/progress_bg.png
bad7fc573381042bba7bef69e3008dde	res/ui/activity/xilian/xs_view_1.png
c00939616cbda4fd716046b2a99e004d	res/ui/activity/xilian/xs_view_2.png
177563e6bcbfc31a83398591ffd805aa	res/ui/activity/ziyuan/btn_zyfb_a.jpg
02b0dca101534a658ddbc3df4986dbe0	res/ui/activity/ziyuan/btn_zyfb_c.jpg
78e6e5776731319097ba52dd83e2f989	res/ui/activity/ziyuan/txt_zyfb_chae_1.png
68f86c18179a340b9bcc1d09e2e92786	res/ui/activity/ziyuan/txt_zyfb_chae_6.png
22b7041bce0a843994945299c1f2d555	res/ui/activity/ziyuan/txt_zyfb_tit.png
3449eadf6722b7f52383669e3c316148	res/ui/activity/ziyuan/zyfb_list_view_bg.jpg
fab3c979eac8777ae67732e5f33071f9	res/ui/activity/ziyuan/zyfb_view_bg.jpg
8ee1dfcda8063152fb7ff23f3de266f1	res/ui/common/ItemsPic/ItemsPic.plist
648ed9c84424ffe92ca00d50db1ef199	res/ui/common/ItemsPic/ItemsPic2.plist
737fa04bf1a03aea170622ac0c127e50	res/ui/common/ItemsPic/jingyan.jpg
a210c4b8a24e06e99185e87512c3be9b	res/ui/common/ItemsPic/kuang.jpg
8c25c3454cee8544011c7e61db76d597	res/ui/common/ItemsPic/liang.jpg
382be077921ef8f6582fa43f6bad94d2	res/ui/common/ItemsPic/mucai.jpg
2b6888af8d3db9dc89eff24b83280cee	res/ui/common/ItemsPic/tuntianling.jpg
2fcbe545a32e1ace00c5cccb5bdab4ee	res/ui/common/ItemsPic/xuantieyuanshi.jpg
1e166de59d28a0136ad5dc3ef1e57988	res/ui/common/ItemsPic/ying.jpg
4644e7e58058daa8d9b9d129d7d589ba	res/ui/common/attribute.plist
119d51bc363c41a1a59cbd97eacd617e	res/ui/common/attribute.png
5c9c8c1c88b5a3aabb737e9d1cd04a0f	res/ui/common/button/button.plist
1697c5de3f1f947b57cd224f18fae59a	res/ui/common/button/button.png
1823150b16bbe52dc6a2f8f3ca7b09b7	res/ui/common/consumeWin.plist
6102312bd8f33f755e337aaba7838f8d	res/ui/common/consumeWin.pvr.ccz
aab739af7533f451bfe5c1b5ebee89dd	res/ui/common/fightPic/fightPic_0.png
d921a853a150e67e1c78b2399152222d	res/ui/common/fightPic/fightPic_adou.png
4b8ea24ef9bd19655182ea19a98f9674	res/ui/common/fightPic/fightPic_diaochan.png
578ac4dd75807aa483d1448cd762fe86	res/ui/common/fightPic/fightPic_huaxiong.png
ead7c2c7136b63d5ad5c25ae0cea9be2	res/ui/common/fightPic/fightPic_lvmeng.png
9de651341ae1596d9917cf63e4ccf024	res/ui/common/fightPic/fightPic_manzu.png
35b70ec7aa917d86d429ed2d48f37dcf	res/ui/common/fightPic/fightPic_xuchu.png
9cccbd2d9f9293566c3a05066a4a5902	res/ui/common/fightPic/fightPic_yuanzhengjun.png
443790112def87678fbf7a7e5b60b9fd	res/ui/common/fightPic/fightPic_zhangjiao.png
2faf150e0577a9619ab94dd9d9064a6c	res/ui/common/fightPic/fightPic_zhangliang.png
9f782077a3aa5a662812b8c598d5ce9b	res/ui/common/generalPic/generalPic_0.jpg
4295d034bbcab1880a5c7706c769f03e	res/ui/common/generalPic/generalPic_beiyong1.jpg
c62b92812b60f78a1d43003126b9d371	res/ui/common/generalPic/generalPic_huaxiong.jpg
9af5e2e71dcb7426f608039a61697cf4	res/ui/common/generalPic/generalPic_masu.jpg
dda9246835a20745f76710f2746891a9	res/ui/common/generalPic/generalPic_tufei.jpg
ccca0d15dc6a85ae1d5e5a2ed9deba1a	res/ui/common/generalPic/generalPic_yuanshao.jpg
000bb314d464dd8f2f889777e4b78929	res/ui/common/generalPic/generalPic_yuanzhengjun.jpg
1c620df806d27daf67c5e3f401dc699f	res/ui/common/generalPic/generalPic_zhangjiao.jpg
6035b66d184994533f4196228c6bda29	res/ui/common/generalPic/generalPic_zhangliang.jpg
818c60a96efab48791fd1116942d0e57	res/ui/common/generalPic/generalPic_zhurong.jpg
42686d35a9fe818d3aed84e67c1b2566	res/ui/common/halfPic/halfPic_baoshishangren.png
778c09815e3bb56b70f3b5fe437c512c	res/ui/common/halfPic/halfPic_caocao.png
783d73bf45831f0b94630657ec470ccf	res/ui/common/halfPic/halfPic_dianwei.png
23f0f3635547b4f7244de7149c044d3a	res/ui/common/halfPic/halfPic_diaochan.png
3cf6ac4ca5410e9dc8d05a872483cf0e	res/ui/common/halfPic/halfPic_fazheng.png
81dcbf18d009bd4054c1320673861e34	res/ui/common/halfPic/halfPic_ganning.png
76b79e8ef2e8ac2b9333099fe81a021c	res/ui/common/halfPic/halfPic_guojia.png
c290a9c346ffe6b3e0c618d863f92ae2	res/ui/common/halfPic/halfPic_huangzhong.png
17ee9250b1025988e7b965696092110c	res/ui/common/halfPic/halfPic_jiaxu.png
64c8211bfdda8012850abd53249e4bdb	res/ui/common/halfPic/halfPic_jinweijun.png
ed21b4be9a93e8c1c103f6821e9633ba	res/ui/common/halfPic/halfPic_liubei.png
c8aa1c376231ef57a3a81874d3bec4fa	res/ui/common/halfPic/halfPic_madai.png
7bdca98324fbd473892d97f3e5f05488	res/ui/common/halfPic/halfPic_manzu.png
ec3faca25de881810d8089634a9491d6	res/ui/common/halfPic/halfPic_sunquan.png
fff0b9071a93055fae94e05fb0632029	res/ui/common/halfPic/halfPic_taishici.png
efeb91f24baf442a09b9061bc5e7e5fa	res/ui/common/halfPic/halfPic_wenguan.png
578df71d51add34aa516849ca09a9f7a	res/ui/common/halfPic/halfPic_xiahoudun.png
ba9cf83d8e0e4cef21b6b501ba8e6b69	res/ui/common/halfPic/halfPic_xunyu.png
7b22c2448719b4095b46f5a524ecb6bb	res/ui/common/halfPic/halfPic_xushu.png
02dd06e0a377296c8fbc93c58d8f183f	res/ui/common/halfPic/halfPic_zhangfei.png
a5204cf46589342795fef9b3b57890fc	res/ui/common/halfPic/halfPic_zhangjiao.png
1c04e88a9d98ebcd6716a2c998b7ca22	res/ui/common/halfPic/halfPic_zhangliang.png
d0f63e0574e207e7d99db2c26b64dbac	res/ui/common/halfPic/halfPic_zhaoyun.png
8b05049925c1a29ae231861d9c72c183	res/ui/common/halfPic/halfPic_zhoutai.png
30789bd903db7f7e567d6886bf8a8a03	res/ui/common/halfPic/halfPic_zhouyu.png
f211dcfe5c1e9f6c285547ea156d3981	res/ui/common/halfPic/halfPic_zhugeliang.png
3d25740d1a837ea354b1bed8b368a8ad	res/ui/common/halfPic/halfPic_zhurong.png
d4499b24f935c91e0265706424f34e81	res/ui/common/icon/icon.plist
b10ade5c6d44b9056a8e50edc261807f	res/ui/common/icon/icon.png
8fee481fb93a8f05dfc4ea29ca81e946	res/ui/common/mainTitle.plist
73e701d12589d4b0c276bef864d672b8	res/ui/common/mainTitle.png
a08c1ae91fb4a10e69241113023cacf5	res/ui/common/number/Num_fightJiebingAddExp.png
2bb6df2d23e69c84c04a2cb70f9cff66	res/ui/common/number/addAttributeNum.png
a2a20364bd2669281bcf57159944f660	res/ui/common/number/battle_prepare_compo_blue.png
8a6fa1e1501e46d892b9f0af42daf83a	res/ui/common/number/battle_prepare_compo_red.png
75d8496e1baf7a95acc1e81e1083165e	res/ui/common/number/blood_ded_numb.png
6008863d3245b71c06e086e07d990351	res/ui/common/number/chos_nb.png
0ab246f1084635045a220a92b74ed98a	res/ui/common/number/clock_lucky_numb.png
48b16404f5e97b7f7b849843077b7ec7	res/ui/common/number/decreaseAttributeNum.png
1d015da08cc5296f814aed1188edab20	res/ui/common/number/gen_amount_numb.png
6c0467b73fe355af9a4a88b44d3859da	res/ui/common/number/gen_blood_numb_red.png
8bfda2a8ee7f252279b2605589b13e2a	res/ui/common/number/gene_shortc_icon_conscr_numb.png
8604bbb5d4915b358bb9c311c0a54465	res/ui/common/number/get_numb.png
3ec99e7019e0961c2362b0fd1c08e59f	res/ui/common/number/icon_numb.png
c63f0f7127f53081a056433d403b0e2a	res/ui/common/number/jianmieNum.png
7d58ef304c166663c37876ca0f8725df	res/ui/common/number/jtj_exp_num.png
c8e4bae62ec10e85e0d2f46c87ebd87f	res/ui/common/number/jtj_general_num.png
87fc4abf8bf6004c1edeefb9f8ce7484	res/ui/common/number/kfgz_view_zbjd_up_nb.png
b295399ac7b668ab3270049deb81591d	res/ui/common/number/kfgz_zbjd-nb.png
129ecad886a5c2acbf7c4af370b3cfc1	res/ui/common/number/lv_numb.png
791c19be0ba7cc610e3b7deda400a4f9	res/ui/common/number/nation_task_upg_numb.png
6ec7ddec220b1e92ed13702167cfc95e	res/ui/common/number/ns_tit_digit.png
4313643b8ebcb37c8a15289478168c80	res/ui/common/number/progressNum.png
125134d6663501389f107e6d3705a1ff	res/ui/common/number/resou_up_numb.png
ab152f7fdb54c2b2cf92415ce9f56d92	res/ui/common/number/rewardNum.png
e854b0ea36b275a045552bd38989d7b9	res/ui/common/number/shaNum.png
bcbac4faa908f67ff80ff9175fab3821	res/ui/common/number/sunshiNum.png
72634c19106eb6fc4450dbdf3922e0fb	res/ui/common/number/up_numb.png
fccbdeb1faa8e650cfc1cfaac6c15878	res/ui/common/number/up_numb_gray.png
9507ca87c3ed2fcfdd1f374ad739a9e7	res/ui/common/number/up_numb_red.png
435cb215d177793ebdad03374ee80529	res/ui/common/number/xflts_res_numb.png
83b87c16cd5a0f5cb697b86dd343eb99	res/ui/common/number/yxhd_time_digit.png
ac0471ec663e32490cf868213424fdcb	res/ui/common/number/yxhd_time_digit2.png
6fc1727fdd6e1e139fe51e85ad3623bc	res/ui/common/number/yxhd_title_digit.png
aed7fa7f9e949d931c43a36efc39cfef	res/ui/common/panel/panel.plist
4d6565282b293bda04e36ed1107bfed8	res/ui/common/panel/panel.pvr.ccz
6574a41c363603f76e9093cbcb1601ea	res/ui/common/playerHead/playerHead_icon_0.png
a3b88463183afe5f0f8cb22aaaeffb65	res/ui/common/playerHead/playerHead_icon_1.png
5b641f0c4c198d235b512968a2d7843c	res/ui/common/playerHead/playerHead_icon_11.png
5a03dccb329107005ea0fbbccd50c6e1	res/ui/common/playerHead/playerHead_icon_2.png
ea62b4685b93a7202223157514d7b977	res/ui/common/playerHead/playerHead_icon_3.png
41102cf04652149adf6211bb234a1e3b	res/ui/common/playerHead/playerHead_icon_4.png
46c4727ef3a970ea00d284debeb40a4f	res/ui/common/playerHead/playerHead_icon_5.png
d83f34a708a682e3003fcd42a0cbab46	res/ui/common/playerHead/playerHead_icon_6.png
b7cb78e5014dc305b7cf0c16a6b8dc87	res/ui/common/playerPic/player1.png
300b354316cd2878fb540f37a3235acc	res/ui/common/quailtyFrames/quality_frame_1.png
0bd0148df679866a7df0ea2d0256b284	res/ui/common/quailtyFrames/quality_frame_2.png
426591c9b1cf53799533c61345967f28	res/ui/common/quailtyFrames/quality_frame_3.png
05ce7e16ef4a90c3368aea8e4dc527fa	res/ui/common/quailtyFrames/quality_frame_4.png
416d263f2afad971de71a3e44c67d349	res/ui/common/quailtyFrames/quality_frame_5.png
eb6834beecca179f486479b23ca1e3b6	res/ui/common/quailtyFrames/quality_frame_6.png
5dec8d59d7f82965139cb613e4029811	res/ui/common/symbol/symbol.plist
639a1fe5fa2e189427aa6d152c5a9505	res/ui/common/symbol/symbol.png
0722fcf677aa03b5ca01ca46044472e8	res/ui/common/text/battle/army_group_enter_tit.png
875b8cc3267ab0cc5edc49d44dd59832	res/ui/common/text/battle/fight_info_att.png
8a83cd33e62d35b2a5b9cd6e902de330	res/ui/common/text/battle/fight_info_def.png
2163957c71ae744b174073794f3cf393	res/ui/common/text/battle/fight_result_get_city.png
600891189dbba109b7f3d88d8a1eb131	res/ui/common/text/battle/fight_result_hdbwjf.png
4579387e178409326ff4c862d632b6d2	res/ui/common/text/battle/fight_result_hdgz.png
577d763af738dfb3ff22d86a42225cf0	res/ui/common/text/battle/fight_result_other_reward.png
5ee80986bc49c7b1b238764fc9180434	res/ui/common/text/battle/text_create_jtj.png
981586c5b961f1467271e8b91571a9cd	res/ui/common/text/battle/text_fight_info_sha.png
cd2dde062f160b0a4e4d05c3671e9ab0	res/ui/common/text/battle/text_fight_tip_autofight.png
20452c126855d1600e2a5b4148eadd43	res/ui/common/text/battle/text_fight_tip_chetui.png
e7d6fa07877087f63ffef555fae8af12	res/ui/common/text/battle/text_fight_tip_doself.png
59f1c6dfe5297a91e1a98925fc62958c	res/ui/common/text/battle/text_fight_tip_freeJb.png
e691598724fd42b8dc36659f6800ce85	res/ui/common/text/battle/text_fight_tip_goldJB.png
74bbcfd864e358e8c9603e8e7b77ca02	res/ui/common/text/battle/text_fight_tip_tujin.png
bf3ea865b3f55a7be061ef7ed99315a0	res/ui/common/text/battle/text_fight_tip_youdi.png
40d9e07b9a9df1e58e8dd7d4491e357b	res/ui/common/text/battle/text_join_fight.png
af7a65d0d69788a174ba09dbc605676b	res/ui/common/text/battle/text_jtj_qtjsmb.png
224ada208829fdc14b0d6a227b38a176	res/ui/common/text/battle/text_jtj_zdlts.png
881e223fceab0c3caa16c0e452731b8b	res/ui/common/text/battle/text_result_bingtie.png
088d292a59b14ed47a983b1874dab12e	res/ui/common/text/battle/text_result_difang.png
1a4568662f4b490a13b1a065f086442e	res/ui/common/text/battle/text_result_faild.png
60f81df03188a1a536305ad80c3a215b	res/ui/common/text/battle/text_result_harry.png
f8a4db5fa14aa369c7cf23aaca28a609	res/ui/common/text/battle/text_result_jianmiedir.png
2e5e9383b3d8e7667737f957d071180e	res/ui/common/text/battle/text_result_jingli.png
1d452dbe7251b9684785b1301f731a81	res/ui/common/text/battle/text_result_jinyan.png
fb7fed3cffea3bd648bbc66c3cc42afa	res/ui/common/text/battle/text_result_liangcao.png
94f2059bfcca1616a944022b8ecb5898	res/ui/common/text/battle/text_result_shunshibingli.png
d37d29b42e567e5739cbf3c7a324b52c	res/ui/common/text/battle/text_result_success.png
2b018b86972d0784c280cc4472e06502	res/ui/common/text/battle/text_result_yingliang.png
f152486355fb26f4981a10c74e2e1f1d	res/ui/common/text/battle/text_result_zuidajisha.png
542c43d057fd99d9045d4d1dc7be6060	res/ui/common/text/battle/text_tit_gyl.png
124f1b6374a5a6bf8e569de5063124db	res/ui/common/text/battle/text_tit_jtj_jion.png
47ac5eb05951af3c7f4b45213bfba397	res/ui/common/text/battle/text_tit_jtj_start.png
2fd74e4263cee03ffff95d0c6202c7fb	res/ui/common/text/battle/text_tit_zzl.png
38a71f0ccd856b5b12eae7e101c856cc	res/ui/common/text/battle/text_token_asse_shu.png
5e9af1dfceb8d0bacffea6bbb6a584a1	res/ui/common/text/battle/text_token_asse_wei.png
8548f633d1675a0012a5371127962857	res/ui/common/text/battle/text_token_asse_wu.png
29b3cc00a86f8169974ea80ecc283bbe	res/ui/common/text/battle/zzl_enter_tit.png
e262e6946cd2a7f79d26df686c6b01ef	res/ui/common/text/country/force_1.png
db31d671133b0cab5d06f8e4fba129f3	res/ui/common/text/country/force_2.png
7e389bb1a25d1e7bc15ad467e0ec19a8	res/ui/common/text/country/force_3.png
a5ef9b00af39ef67fa1ebb5698ca7eb0	res/ui/common/text/country/guojia-man.png
87afd32b08c916c90505aaceec0eaa51	res/ui/common/text/country/guojia-shu.png
b969b4079eee05e0ce8bd014b5618c00	res/ui/common/text/country/guojia-wei.png
d438c29f84c81861366ffa7b51d39666	res/ui/common/text/country/guojia-wu.png
1d5f1ce9f14dca2420aecd1b25dad5b8	res/ui/common/text/genealPanel/full_army.png
d005d472803d4e464741c87b15d8d024	res/ui/common/text/genealPanel/general_addAttribute_att.png
fc8bab8fe63c121e8fb427d1be5162dd	res/ui/common/text/genealPanel/general_addAttribute_def.png
37efb59e03610fc67de4d7347dbf503c	res/ui/common/text/genealPanel/general_addAttribute_hp.png
68592a773ebaf003eb9a521d9c5ff4d8	res/ui/common/text/genealPanel/general_addAttribute_tong.png
29d074c4660eefe24a162566d7172df8	res/ui/common/text/genealPanel/general_addAttribute_yong.png
5f129287364fabc7d2338f6ef5d4c830	res/ui/common/text/genealPanel/general_attribute_jiahao.png
603213ad1b8e492eb64f1b077bc6d10e	res/ui/common/text/genealPanel/general_attribute_jianhao.png
47e0a3f0f4467d985554e498d112874f	res/ui/common/text/genealPanel/general_decreaseAttribute_att.png
571f45ec9c3be906bc13979d04212466	res/ui/common/text/genealPanel/general_decreaseAttribute_def.png
b70b189e0c4479bf0571a2981907af9d	res/ui/common/text/genealPanel/general_decreaseAttribute_hp.png
aef30ecb08441f9261a49a62d38755ee	res/ui/common/text/genealPanel/general_decreaseAttribute_tong.png
0c3fd9f853e2087daf72173e4655e2ee	res/ui/common/text/genealPanel/general_decreaseAttribute_yong.png
f320ba6c6a5df89ba370bbe549d58af0	res/ui/common/text/genealPanel/text_tavern_ok.png
0ed4a5c395eba31c3412ef30c28ac2c3	res/ui/common/text/genealPanel/text_tavern_success.png
72b54d7770f31f5a13103e42932cd80b	res/ui/common/text/huizhan/huizhan_text_hzjs.png
548c1b1a7d3a08cb0e942ffdb292c849	res/ui/common/text/huizhan/huizhan_text_hzks.png
c087945d56497b6b9df4471a7c538874	res/ui/common/text/huizhan/huizhan_text_jjwc.png
38c357ce524aad3615b48bb951cab456	res/ui/common/text/login/text_login_begin.png
fd14978eff9b812f6f5abbffdba212cd	res/ui/common/text/login/text_login_gre_binding.png
bf033bd7d5946845b489b658b173f113	res/ui/common/text/login/text_login_sanguo.png
8146e2f97fbbaa430ec100b377715d9c	res/ui/common/text/resource/lb_tit_sqgzssfz.png
def64e01f5be646e2d7827e42be5f981	res/ui/common/text/resource/res_title_1211.png
06569da7b0e00ab8d0184bac2a1814ef	res/ui/common/text/resource/res_title_15.png
2bde1afc7bc962da6da7ad55b4515cda	res/ui/common/text/resource/res_title_19.png
383de63441a5fbc383d0ceee11521237	res/ui/common/text/resource/res_title_1901.png
5ed19707fa432fdb9e38473e422386a1	res/ui/common/text/resource/res_title_1902.png
26fd326e9879a0ed8e9c3847bc41a033	res/ui/common/text/resource/res_title_1903.png
515ffdb53adcfb60b2b60de84246c0de	res/ui/common/text/resource/res_title_1904.png
05e407adf2df650916a285ac6992f768	res/ui/common/text/resource/res_title_7.png
0c99d5f3e328fefca7fb274850d5cfb9	res/ui/common/text/resource/res_title_gem.png
1a5a4acfbbcdf8cd926dabba3e27ae2e	res/ui/common/text/resource/res_title_num.png
d5382a3c330cab3a5484ce1ed7977aa2	res/ui/common/text/sdtj/tjsd_tit_bdb.png
e8ea490ce93daed42d38bb7116ee6851	res/ui/common/text/sdtj/tjsd_tit_hdjs.png
a3d562c8b7ddca15cb3912abaeb8ff75	res/ui/common/text/sdtj/tjsd_tit_hdxbuff.png
3d39fc4b840f85dbae900489ad03f2cb	res/ui/common/text/warlock/warlock_build_esta.png
64986e3a013540d487fcd2fb351b8954	res/ui/common/text/warlock/warlock_build_grade1.png
2952acceff0d634ecacd4a6f92dd92d4	res/ui/common/text/warlock/warlock_build_grade2.png
22e1c63da90e4bb14b79e722751f8a98	res/ui/common/text/warlock/warlock_build_grade3.png
c9e32d381b15a7625f836e01b0224e0f	res/ui/common/text/warlock/warlock_build_grade4.png
8e48afab9bdcf32e14c457582a50aca1	res/ui/common/text/warlock/warlock_build_grade5.png
d41c7b5e96a3d76761380ee96735875e	res/ui/common/text/warlock/warlock_build_tit.png
4659226968d9de9a4bb88e8c4c2ffd73	res/ui/common/text/warlock/warlock_build_upgr.png
580768acc3cbe0e56222af6f604776c2	res/ui/common/text/warlock/warlock_get_result.png
554862d04382c4d4fd4d0ab78dbfd8fe	res/ui/common/text/warlock/warlock_research.png
45bb151dd9354c30ae0baef2923551e7	res/ui/common/text/warlock/warlock_research_start.png
d67576bebdbbfb2b45fa7aac4f72bb88	res/ui/common/text/warlock/warlock_research_stop.png
281e010a89c4a08eb3a1b70d1f5e0d25	res/ui/common/text/warlock/warlock_state_bg.png
e0817afa9bdd5e94128e65d3b9ad1f16	res/ui/common/text/warlock/warlock_state_klq.png
77c43ff3e909b3607b47d818e48a0851	res/ui/common/text/warlock/warlock_state_yjz.png
d36ebbb703adaf80423ade4530c5e877	res/ui/common/text/warlock/warlock_state_ytz.png
feaba1cee4995fd23190c67c0c633f0a	res/ui/common/text/warlock/warlock_upgr.png
7db2b520fb500613416199542b98f5a6	res/ui/common/widgets/widgets.plist
417859987e34fb52da0a1771d0a9a96b	res/ui/common/widgets/widgets.png
650a7b1694c1c57ea445bb507ea59cc0	res/ui/login/login3.plist
76d327111a49b36faab9ac211d5444c9	res/ui/login/login3.png
b83d365ba8893344aa2346f7eacf9aa5	res/ui/login/loginButton.png
d4faaf1d67de3470d1501961fb79a2a1	res/ui/login/loginButton_highlight.png
f6212a12c9f20688e5ea110b5261d1b0	res/ui/login/login_scene.jpg
7dd6bc877f4bf9d2f6f21f3cd99fdd68	res/ui/login/login_scene_start.jpg
997e5cbd5ccf1550024f024660101b08	res/ui/login/registerButton.png
c2a77ae8a6ea2ccc31a8c34ab9c2d97b	res/ui/login/registerButton_highlight.png
a4b3ce43f0b102a3e3c768a3d564ecf0	res/ui/login/textfield.png
4d6afe6facff4d270a76876672939649	res/ui/messagebox/atten_tit.png
8b35a12832eab5f9a703216fe05361e0	res/ui/messagebox/atten_view_bg.png
88ca0783e279d2c04204bd730d0f132c	res/ui/messagebox/btn_no_a.png
5b386aeeceb25109b10e2588843c99e3	res/ui/messagebox/btn_no_c.png
9940c08eabc9f080dd1f4d96cf8d0880	res/ui/messagebox/btn_yes_a.png
bc040de42862063ea60bfa0d116eb186	res/ui/messagebox/btn_yes_c.png
272b9152608350013f129e244247e0d2	res/ui/messagebox/unite_view_a.png
848ab80a55f3f5327f14c3c381059519	res/ui/messagebox/unite_view_on.png
cc3d7646cc5592341ac6f6d313c8800b	res/ui/nation/101.jpg
95f404620f737a2da1e10c57f53f5d27	res/ui/nation/assa_general_view_emp.jpg
4cdd4831c19a6038a8ea6549b0c14dbb	res/ui/nation/assa_player_view_bg.jpg
26545771f6e61eddbcbcff0b0fee5c35	res/ui/nation/assa_view_bg.jpg
6fe9c09ab3ddd903da3a5ae9025a97e0	res/ui/nation/budokai.plist
b091242f3884de1f8c2af4a539a516f2	res/ui/nation/budokai.png
573cb54d1374b7c65b1517dc54427892	res/ui/nation/donate.plist
c57907d77db8da66d0f550a5ea9dc9d7	res/ui/nation/donate.png
bbc9d6e4c6d17f9c7dd613b8198949d3	res/ui/nation/invest_view_bg.jpg
e1b8f0bfd93a603e48521a99c76e6805	res/ui/nation/mwl_tit.png
c72a261959c2a6bbf8615e7fffc0ded6	res/ui/nation/nation.plist
ab6ca2afa34d16458afb170b6582adc2	res/ui/nation/nation.png
6a2ddaaba215f037da8a69a0e0313ea3	res/ui/nation/nation1.plist
d18a3e7ce600de4f62d8cf0bdbe4f838	res/ui/nation/nation1.png
7fda92560aeefc246f9835cda95215c8	res/ui/nation/nationOtherBg.jpg
68be50716074000fe93582d4aea8d156	res/ui/nation/nation_guojiadi.jpg
71165bb70b84fc4d8c85108d69887393	res/ui/nation/renwudi.jpg
0ec3623d9a34bd2185e8f6b9fc02fbaf	res/ui/updateNotice/gg_load_con.png
318350a553ae65578b6372430e0e4ddd	res/ui/updateNotice/gg_load_di.png
5b96c0be5a7d036e3dc69a500420daed	res/ui/updateNotice/post_view_bg.png
a9886e7237289d0f08b31eca01c0cc81	res/ui/world/autoBattle/btn_zdgz_fd_a.png
73d34b00abf82dd8040163762851a66b	res/ui/world/autoBattle/btn_zdgz_fd_c.png
bf41f5dd2e92c290c3090810fa3282a3	res/ui/world/autoBattle/btn_zdgz_zk_a.png
3f41993653a830d3272f0a2e3d8b9df1	res/ui/world/autoBattle/btn_zdgz_zk_c.png
7f59577fb469e4e7797552699ec9e732	res/ui/world/autoBattle/city_btn_stan_a.png
9b40c1cbb39657f6de68d4723b7e6474	res/ui/world/autoBattle/city_btn_stan_c.png
b1e0496368d693c5da386cc9e844c037	res/ui/world/autoBattle/city_btn_xz_a.png
792c21e3f422f0a3a4dbcf4b15bec7f6	res/ui/world/autoBattle/city_btn_xz_c.png
a1301a25c21633c66c1ab43fc253f22b	res/ui/world/autoBattle/zdgz_city_xz.png
c59706befaeac1f74bf5d4e630247e4d	res/ui/world/autoBattle/zdgz_end_js.png
1f9b6b8f19a3f12d58c1c7dd3fb1d038	res/ui/world/autoBattle/zdgz_end_xzjs.png
05c456b101d7acca3e795493ed67f576	res/ui/world/autoBattle/zdgz_icon_bl.png
5e4821561e59ce62c6c6d65cbff2f872	res/ui/world/autoBattle/zdgz_list.png
7ff825ebd1720f4f003692220cf0f9f0	res/ui/world/autoBattle/zdgz_sta_gdcc.png
fced0ef9650050daca967a03bb0dec42	res/ui/world/autoBattle/zdgz_sta_jscc.png
061ac55e626e457194cf1da3cb9ad793	res/ui/world/autoBattle/zdgz_view_bg.png
ac6835701303dc1def7e79317bdd1cb5	res/ui/world/cityWindow.plist
3d03ea17a8632c481acec247d246c9bd	res/ui/world/cityWindow.png
7b695c44a9fe6fa0c97ac1ea30912e03	res/ui/world/cityWindowBg.jpg
a9444b9122efee59bf671e50a3ef7f3a	res/ui/world/convene.plist
4d8d56789123cc55c71de7b56fbb7452	res/ui/world/convene.png
0e8bb5c60d6a4d2946acc2308025208d	res/ui/world/curl_arrow.png
b13faebaba59e40dd4233e7e5ef0bde3	res/ui/world/farm_city_icon.png
2e14688b72f9fc71df6c9669584aaaac	res/ui/world/flight_place_view.png
4f0dfb0337ef2a8afd66bbb35970c81e	res/ui/world/gem_busine.jpg
c60f7c6bd1ab8d8d140a792d66152505	res/ui/world/gene_shortc_icon_close.png
d5cf97c180724dc966255f8b7184a444	res/ui/world/generalMove.plist
23623117662c53b962d36b6d1d4354cb	res/ui/world/generalMove.pvr.ccz
7068fa02f3bb7fd5c61eff2b4a4b08c8	res/ui/world/get_icon_xtys.png
171bef5ca579389337da373b703c435d	res/ui/world/hourRank/bingduojiangguang.png
06046442aa4a2a6bb9df1baa61d21e80	res/ui/world/hourRank/chongfengxianzhen.png
4eff60dd086973bf75815018ebde76eb	res/ui/world/hourRank/rank_name_none.png
102b2ed21a3c74c1b0c5dd3d55bbcc9e	res/ui/world/hourRank/rank_numb.png
04b0d201072a203f192f9ef58ccfcae3	res/ui/world/hourRank/rank_numb_plus.png
40304e20b8176e868112b9d3c1653c1d	res/ui/world/hourRank/rank_reward_draw.png
74e91453ef2b1fdf6d4e7cef6a316ee1	res/ui/world/hourRank/rank_reward_view.png
839da5e6b1499774c1026f18a4812d9b	res/ui/world/hourRank/rank_reward_view_lig.png
95137e8e7dee5ab6bbc85f3c911a14c9	res/ui/world/hourRank/sanguoshenjiang.png
45568c01edaa5853574836155e39a5ad	res/ui/world/hourRank/shadimengjiang.png
9743468bb3f42a9e97e7fb86505f8aa7	res/ui/world/hourRank/zhengzhansifang.png
d9ec911655a0f3bf9800f79ffe4f1f9e	res/ui/world/jb_round.png
316efd41622fccebf0f76b9b67d1ff5d	res/ui/world/jubenEnter/10004.png
49b457b3f4c66983dfa5a78289d8594b	res/ui/world/jubenEnter/jb_chsm.png
5371c584ea05f5b685b804fa6e9bbc06	res/ui/world/jubenEnter/jb_jb_list_cishu.png
d455fddbfd04f1d2ec520a79bfbcfdcc	res/ui/world/jubenEnter/jb_jb_list_nandu.png
ae319f1c6c296cf1ac9d494e14e304e5	res/ui/world/league/league_1_2_flag.png
e6f30aa0193512ff4120c022785641ed	res/ui/world/nationChallenges/task_challenge_award_jl.png
9e88de5452ef2bbb590e3a3d9204ab2c	res/ui/world/nationChallenges/task_challenge_btn_con.png
753d8c70a089cff1a0a5d69a4aa65d28	res/ui/world/nationChallenges/task_challenge_btn_con_2.png
aaacfa5487f8c3a0ba9652330fac060c	res/ui/world/nationChallenges/task_challenge_btn_lig.png
d0e13e325ee14df3984b51ecd10741a5	res/ui/world/nationChallenges/task_challenge_btn_view.png
536c8b9fb1d5fdac8aa8a47000968f2c	res/ui/world/nationChallenges/task_challenge_icon_12.png
28b148c7e97dbd3375a7a9a15e33349b	res/ui/world/nationChallenges/task_challenge_icon_view.png
5315e7987cebc8c90d5305382176fac9	res/ui/world/nationChallenges/task_challenge_load.jpg
e010202abb9443697e05e7ffdbeb4dba	res/ui/world/nationChallenges/task_challenge_tit_3.png
3f8612b506fd2604ec08bcaff1354587	res/ui/world/nationChallenges/task_challenge_tit_shadi.png
121432c707956162f56ab9f8c95894f6	res/ui/world/nationChallenges/task_challenge_title_duoquan.png
de90227e8670669e9ce3b2f8dc5af12f	res/ui/world/nationManwangfaling.png
a5b95ceafc4fab3ebbec316a759488a4	res/ui/world/nationManzujinwei.png
6529469f172b0d0c61876583547a6d49	res/ui/world/nationManzuzhuanyi.png
4e55f56c3d55027be0ce129e9a833505	res/ui/world/operateIcon/city_btn_fd_a.png
0dc56acaf69b4950a7a11c2ea283c62d	res/ui/world/operateIcon/city_btn_fd_c.png
d140f5af0e2e7efa692d2ee6076f109e	res/ui/world/operateIcon/city_btn_hy_a.png
6e72ead283a92b21e74afd88049dab60	res/ui/world/operateIcon/city_btn_hy_c.png
0d7cfae04e1abd113b166cd1dac9c262	res/ui/world/operateIcon/city_btn_js_a.png
dac0d2288318910dd1266e2fdd6c7a84	res/ui/world/operateIcon/city_btn_js_c.png
2ed2360871de81268b8304d34b6c84cb	res/ui/world/operateIcon/city_btn_jz_a.png
91853d488df40585c0c8c10743fbc6b2	res/ui/world/operateIcon/city_btn_jz_c.png
d75469d72bec66bd4d928085ee95be8a	res/ui/world/operateIcon/city_btn_sdl_a.png
14616e998bfb9c69be8447f491ce948e	res/ui/world/operateIcon/city_btn_sdl_c.png
f6da00402d1547b88fc2cd61dee53387	res/ui/world/operateIcon/city_btn_sm_a.png
c9cd120318503acb5f53268140480bf8	res/ui/world/operateIcon/city_btn_sm_c.png
a8933a8ccd5135b5df2218849c57c253	res/ui/world/operateIcon/city_btn_view_a.png
555c5743ddf820fa7049817c8ca24295	res/ui/world/operateIcon/city_btn_view_c.png
365772138c96d033565da7f0d093364f	res/ui/world/operateIcon/city_btn_xq_a.png
eee529a9a2ac07915957026e20affa6e	res/ui/world/operateIcon/city_btn_xq_c.png
021acd8f108d841353bba593d5d8eb16	res/ui/world/operateIcon/city_btn_zmwg_a.png
e77fc545989858c987cdd7e6dfe59d73	res/ui/world/operateIcon/city_btn_zmwg_c.png
1eb7e965e3fb3806ac77a1d84ce900f4	res/ui/world/operateIcon/city_foot_view_bg.png
a9b0a48d524ab5c4703f463e92913118	res/ui/world/operateIcon/city_imp_numb_gre.png
cd67a90c26892e32c5756921e22e9be7	res/ui/world/operateIcon/city_imp_numb_red.png
e30a50255b21ff1d88eca9890017c8dc	res/ui/world/operateIcon/city_imp_xianjing_zhongji.png
b1c9f43ba09ebe8fd5c83cb2e8d00b00	res/ui/world/operateIcon/city_imp_xjwx.png
50d8e01d32147016175fa1a4b0c91d41	res/ui/world/path_icon.png
09fdb86ed2587256e81baddc5e9433dc	res/ui/world/rankHour.plist
cf6d1d3bee6394d74786b875790c1dfe	res/ui/world/rankHour.png
c84d6fd98c72397d2194dbdcc1060225	res/ui/world/sdhd_sdlr.png
8594fc2164e33942324eea95f02c5be3	res/ui/world/sl_mz_dc.png
8ea5d2a8bcec4b0a4c8bbc7e84674859	res/ui/world/smmz_fli_enter.png
2b19c13fdf11374c4dab7171fc27451c	res/ui/world/smmz_fli_enter_tit.png
2a1dffd7a431afdeea9485df211966e9	res/ui/world/thumbnail.plist
070a6651439f0ffd4b54aff2cd5f3e59	res/ui/world/thumbnail.png
71869d72e5c237ef049044752c929cc0	res/ui/world/warlock_busine.jpg
a8afebf2515b2e4bb68d04209fb65a4e	res/ui/world/worldBuilding.plist
818c3125b9f35de061b45d2bc777a9a8	res/ui/world/worldBuilding.png
21e3d4d902c99b09358004d38f399cc8	res/ui/world/worldEventBtn1.png
058a7f69c29a531a205bdde2135c4e19	res/ui/world/worldEventTimeBg.png
a4e83a7d58f93534abf52b7b2db547ab	res/ui/world/worldTower.plist
4a4abdf11455c1f09fefecec903e22e1	res/ui/world/worldTower.png
2929ffacc1d01eb5619df421b0dddc8c	res/ui/world/xiaoshu.png
7cade70733ced6bba4a15f1c624bebea	res/ui/world/xiaoshu1.png
